,사용일자,폭염여부,황사관측,미세먼지,초미세먼지,한파특보,평균이용승객수,강수량,적설,행정구역_경기남부,행정구역_경기동부,행정구역_경기북서부,행정구역_경기중부,행정구역_서울,행정구역_인천,요일,평일,주말
18,2023-04-04,0.0,0.0,0.0,0.0,0.0,1.153397634770604,0.1097142710283525,0.0,0.0,0.0,0.0,0.0,1.0,0.0,1,1,0
19,2023-04-04,0.0,0.0,0.0,0.0,0.0,0.199043533366836,0.0749783460481856,0.0,0.0,0.0,1.0,0.0,0.0,0.0,1,1,0
20,2023-04-04,0.0,0.0,0.0,0.0,0.0,0.1269894843656195,0.2506939389431066,0.0,0.0,0.0,0.0,0.0,0.0,1.0,1,1,0
21,2023-04-04,0.0,0.0,0.0,0.0,0.0,0.8898305805198904,0.1888865786097748,0.0,0.0,0.0,0.0,1.0,0.0,0.0,1,1,0
23,2023-04-04,0.0,0.0,0.0,0.0,0.0,-1.1361361975753272,0.0970927916619138,0.0,0.0,1.0,0.0,0.0,0.0,0.0,1,1,0
24,2023-04-05,0.0,0.0,0.0,0.0,0.0,1.0637710980746462,0.6318892953207865,0.0,0.0,0.0,0.0,0.0,1.0,0.0,2,1,0
25,2023-04-05,0.0,0.0,0.0,0.0,0.0,0.039400811275919,0.6408699957260507,0.0,0.0,0.0,1.0,0.0,0.0,0.0,2,1,0
26,2023-04-05,0.0,0.0,0.0,0.0,0.0,-1.2917448843647237,0.5243674921970854,0.0,0.0,1.0,0.0,0.0,0.0,0.0,2,1,0
27,2023-04-05,0.0,0.0,0.0,0.0,0.0,0.7412248492389746,0.5321969837212764,0.0,0.0,0.0,0.0,1.0,0.0,0.0,2,1,0
28,2023-04-05,0.0,0.0,0.0,0.0,0.0,-0.0187774282530205,0.5412966205345227,0.0,0.0,0.0,0.0,0.0,0.0,1.0,2,1,0
30,2023-04-06,0.0,0.0,1.0,1.0,0.0,1.1443787655108475,0.0763030391250408,0.0,0.0,0.0,0.0,0.0,1.0,0.0,3,1,0
31,2023-04-06,0.0,0.0,0.0,0.0,0.0,-1.1964878316415153,0.0906764769307636,0.0,0.0,1.0,0.0,0.0,0.0,0.0,3,1,0
32,2023-04-06,0.0,0.0,0.0,0.0,0.0,0.1489914876899449,0.0351694086604097,0.0,0.0,0.0,1.0,0.0,0.0,0.0,3,1,0
33,2023-04-06,0.0,0.0,1.0,1.0,0.0,0.8261896251036416,0.081571463180414,0.0,0.0,0.0,0.0,1.0,0.0,0.0,3,1,0
34,2023-04-06,0.0,0.0,0.0,0.0,0.0,0.0921630706983781,0.0236839419179896,0.0,0.0,0.0,0.0,0.0,0.0,1.0,3,1,0
36,2023-04-07,0.0,0.0,1.0,1.0,0.0,0.9251915754720866,0.0,0.0,0.0,0.0,0.0,1.0,0.0,0.0,4,1,0
37,2023-04-07,0.0,0.0,1.0,1.0,0.0,1.2211425629391814,0.0,0.0,0.0,0.0,0.0,0.0,1.0,0.0,4,1,0
39,2023-04-07,0.0,0.0,1.0,1.0,0.0,-1.082858344597618,0.0,0.0,0.0,1.0,0.0,0.0,0.0,0.0,4,1,0
40,2023-04-07,0.0,0.0,1.0,1.0,0.0,0.0118934630326065,0.0,0.0,1.0,0.0,0.0,0.0,0.0,0.0,4,1,0
60,2023-04-11,0.0,1.0,0.0,0.0,1.0,0.0885280887206563,0.1575965096779069,0.0,0.0,0.0,1.0,0.0,0.0,0.0,1,1,0
61,2023-04-11,0.0,1.0,1.0,1.0,0.0,1.0773310875418802,0.081571463180414,0.0,0.0,0.0,0.0,0.0,1.0,0.0,1,1,0
62,2023-04-11,0.0,1.0,1.0,1.0,0.0,0.0264856072263278,0.0236839419179896,0.0,0.0,0.0,0.0,0.0,0.0,1.0,1,1,0
63,2023-04-11,0.0,1.0,0.0,0.0,0.0,0.7769192772484567,0.0,0.0,0.0,0.0,0.0,1.0,0.0,0.0,1,1,0
64,2023-04-11,0.0,1.0,0.0,0.0,0.0,-0.1194190144194592,0.0,0.0,1.0,0.0,0.0,0.0,0.0,0.0,1,1,0
65,2023-04-11,0.0,1.0,0.0,0.0,0.0,-1.2487255307757266,0.0588389926082728,0.0,0.0,1.0,0.0,0.0,0.0,0.0,1,1,0
66,2023-04-12,0.0,1.0,2.0,2.0,0.0,0.1426435905011525,0.0,0.0,0.0,0.0,0.0,0.0,0.0,1.0,2,1,0
67,2023-04-12,0.0,1.0,0.0,0.0,1.0,0.1948313326268528,0.0,0.0,0.0,0.0,1.0,0.0,0.0,0.0,2,1,0
68,2023-04-12,0.0,1.0,2.0,2.0,0.0,-0.0343781629682526,0.0,0.0,1.0,0.0,0.0,0.0,0.0,0.0,2,1,0
69,2023-04-12,0.0,1.0,2.0,2.0,0.0,0.8583578235858317,0.0,0.0,0.0,0.0,0.0,1.0,0.0,0.0,2,1,0
70,2023-04-12,0.0,1.0,2.0,2.0,0.0,1.1631364970209892,0.0,0.0,0.0,0.0,0.0,0.0,1.0,0.0,2,1,0
71,2023-04-12,0.0,1.0,2.0,2.0,0.0,-1.1452296168550655,0.0,0.0,0.0,1.0,0.0,0.0,0.0,0.0,2,1,0
72,2023-04-13,0.0,0.0,2.0,2.0,0.0,1.15706845293773,0.0,0.0,0.0,0.0,0.0,0.0,1.0,0.0,3,1,0
73,2023-04-13,0.0,0.0,2.0,2.0,0.0,-0.0198861129851115,0.0,0.0,1.0,0.0,0.0,0.0,0.0,0.0,3,1,0
74,2023-04-13,0.0,0.0,2.0,2.0,0.0,0.8678540528243284,0.0,0.0,0.0,0.0,0.0,1.0,0.0,0.0,3,1,0
76,2023-04-13,0.0,0.0,2.0,2.0,0.0,0.1370070037539817,0.0070092925300488,0.0,0.0,0.0,0.0,0.0,0.0,1.0,3,1,0
77,2023-04-13,0.0,0.0,2.0,2.0,0.0,-1.1239921228342364,0.0,0.0,0.0,1.0,0.0,0.0,0.0,0.0,3,1,0
78,2023-04-14,0.0,1.0,1.0,1.0,0.0,1.1837374229937097,0.0,0.0,0.0,0.0,0.0,0.0,1.0,0.0,4,1,0
79,2023-04-14,0.0,1.0,0.0,0.0,0.0,0.2124230942646698,0.0,0.0,0.0,0.0,1.0,0.0,0.0,0.0,4,1,0
80,2023-04-14,0.0,1.0,2.0,2.0,0.0,0.922198777266497,0.0,0.0,0.0,0.0,0.0,1.0,0.0,0.0,4,1,0
81,2023-04-14,0.0,1.0,1.0,1.0,0.0,0.177036837073333,0.020776319533114,0.0,0.0,0.0,0.0,0.0,0.0,1.0,4,1,0
82,2023-04-14,0.0,1.0,2.0,2.0,0.0,-0.0027464064023771,0.0,0.0,1.0,0.0,0.0,0.0,0.0,0.0,4,1,0
83,2023-04-14,0.0,1.0,1.0,1.0,0.0,-1.085519843368296,0.0,0.0,0.0,1.0,0.0,0.0,0.0,0.0,4,1,0
84,2023-04-15,0.0,0.0,0.0,0.0,0.0,0.5879641290060592,0.1245027499254062,0.0,0.0,0.0,0.0,0.0,1.0,0.0,5,0,1
85,2023-04-15,0.0,0.0,0.0,0.0,0.0,-0.3262550472413736,0.0867919918089019,0.0,0.0,0.0,1.0,0.0,0.0,0.0,5,0,1
86,2023-04-15,0.0,0.0,0.0,0.0,0.0,-1.4719629086403905,0.1305539565415768,0.0,0.0,1.0,0.0,0.0,0.0,0.0,5,0,1
87,2023-04-15,0.0,0.0,0.0,0.0,0.0,0.3135241630103976,0.0574733458429802,0.0,0.0,0.0,0.0,1.0,0.0,0.0,5,0,1
89,2023-04-15,0.0,0.0,0.0,0.0,0.0,-0.2517820848528401,0.0427007191548458,0.0,0.0,0.0,0.0,0.0,0.0,1.0,5,0,1
91,2023-04-16,0.0,0.0,1.0,1.0,0.0,-0.0723731361810385,0.0,0.0,0.0,0.0,0.0,1.0,0.0,0.0,6,0,1
92,2023-04-16,0.0,1.0,0.0,0.0,0.0,0.1432020034110598,0.0,0.0,0.0,0.0,0.0,0.0,1.0,0.0,6,0,1
93,2023-04-16,0.0,0.0,0.0,0.0,0.0,-1.8222412215732449,0.0251322508677009,0.0,0.0,1.0,0.0,0.0,0.0,0.0,6,0,1
94,2023-04-16,0.0,1.0,0.0,0.0,0.0,-0.5718325091665105,0.0,0.0,0.0,0.0,0.0,0.0,0.0,1.0,6,0,1
95,2023-04-16,0.0,0.0,1.0,1.0,0.0,-0.7574755706762715,0.0,0.0,1.0,0.0,0.0,0.0,0.0,0.0,6,0,1
96,2023-04-17,0.0,1.0,0.0,0.0,0.0,1.0913616335944554,0.0,0.0,0.0,0.0,0.0,0.0,1.0,0.0,0,1,0
99,2023-04-17,0.0,0.0,1.0,1.0,0.0,0.8143700636393839,0.0,0.0,0.0,0.0,0.0,1.0,0.0,0.0,0,1,0
100,2023-04-17,0.0,0.0,1.0,1.0,0.0,-0.0609710201999895,0.0,0.0,1.0,0.0,0.0,0.0,0.0,0.0,0,1,0
102,2023-04-18,0.0,0.0,0.0,0.0,0.0,1.0955826906518091,0.0408271312149753,0.0,0.0,0.0,0.0,0.0,1.0,0.0,1,1,0
103,2023-04-18,0.0,0.0,0.0,0.0,0.0,0.1413420072433707,0.0280179564083411,0.0,0.0,0.0,1.0,0.0,0.0,0.0,1,1,0
104,2023-04-18,0.0,0.0,0.0,0.0,0.0,0.0578439142059498,0.03231950606593,0.0,0.0,0.0,0.0,0.0,0.0,1.0,1,1,0
106,2023-04-18,0.0,0.0,0.0,0.0,0.0,0.7977297596596794,0.0294553894346391,0.0,0.0,0.0,0.0,1.0,0.0,0.0,1,1,0
107,2023-04-18,0.0,0.0,0.0,0.0,0.0,-1.222324330554505,0.0533568106940526,0.0,0.0,1.0,0.0,0.0,0.0,0.0,1,1,0
116,2023-04-20,0.0,0.0,0.0,0.0,0.0,0.1827891281649736,0.0089963332467646,0.0,0.0,0.0,1.0,0.0,0.0,0.0,3,1,0
117,2023-04-20,0.0,0.0,0.0,0.0,0.0,0.1286180496336715,0.0060131878671635,0.0,0.0,0.0,0.0,0.0,0.0,1.0,3,1,0
119,2023-04-20,0.0,0.0,0.0,0.0,0.0,-1.1062282593561263,0.0030144646342876,0.0,0.0,1.0,0.0,0.0,0.0,0.0,3,1,0
130,2023-04-22,0.0,0.0,1.0,1.0,0.0,-0.4002856896658797,0.0,0.0,1.0,0.0,0.0,0.0,0.0,0.0,5,0,1
144,2023-04-25,0.0,0.0,0.0,0.0,0.0,1.1059256794086896,0.0119640617855746,0.0,0.0,0.0,0.0,0.0,1.0,0.0,1,1,0
145,2023-04-25,0.0,0.0,0.0,0.0,0.0,0.1445297938132805,0.0519780484610902,0.0,0.0,0.0,1.0,0.0,0.0,0.0,1,1,0
146,2023-04-25,0.0,0.0,0.0,0.0,0.0,-1.1621683766809086,0.0478217876579551,0.0,0.0,1.0,0.0,0.0,0.0,0.0,1,1,0
147,2023-04-25,0.0,0.0,0.0,0.0,0.0,0.826403319358939,0.0030144646342876,0.0,0.0,0.0,0.0,1.0,0.0,0.0,1,1,0
155,2023-04-26,0.0,0.0,0.0,0.0,0.0,-1.126530514958564,0.0075066976665316,0.0,0.0,1.0,0.0,0.0,0.0,0.0,2,1,0
162,2023-04-28,0.0,0.0,0.0,0.0,0.0,1.2393121067639443,0.0089963332467646,0.0,0.0,0.0,0.0,0.0,1.0,0.0,4,1,0
163,2023-04-28,0.0,0.0,0.0,0.0,0.0,0.3067754556093889,0.020776319533114,0.0,0.0,0.0,1.0,0.0,0.0,0.0,4,1,0
164,2023-04-28,0.0,0.0,0.0,0.0,0.0,-0.9801346843130756,0.0015092103145817,0.0,0.0,1.0,0.0,0.0,0.0,0.0,4,1,0
165,2023-04-28,0.0,0.0,0.0,0.0,0.0,0.9757372209527608,0.0380052376044868,0.0,0.0,0.0,0.0,1.0,0.0,0.0,4,1,0
167,2023-04-28,0.0,0.0,0.0,0.0,0.0,0.2367629768870974,0.0070092925300488,0.0,0.0,0.0,0.0,0.0,0.0,1.0,4,1,0
168,2023-04-29,0.0,0.0,0.0,0.0,0.0,0.5645566029628417,0.2903133847620401,0.0,0.0,0.0,0.0,0.0,1.0,0.0,5,0,1
169,2023-04-29,0.0,0.0,0.0,0.0,0.0,-0.3665015667890204,0.2328400389190598,0.0,0.0,0.0,1.0,0.0,0.0,0.0,5,0,1
170,2023-04-29,0.0,0.0,0.0,0.0,0.0,-1.5657016444847285,0.1401051820288424,0.0,0.0,1.0,0.0,0.0,0.0,0.0,5,0,1
171,2023-04-29,0.0,0.0,0.0,0.0,0.0,0.2882701974362777,0.1734546351691848,0.0,0.0,0.0,0.0,1.0,0.0,0.0,5,0,1
172,2023-04-29,0.0,0.0,0.0,0.0,0.0,-0.2892914263401212,0.1793824730367207,0.0,0.0,0.0,0.0,0.0,0.0,1.0,5,0,1
175,2023-04-30,0.0,0.0,0.0,0.0,0.0,0.3445907613051034,0.0030144646342876,0.0,0.0,0.0,0.0,0.0,1.0,0.0,6,0,1
177,2023-04-30,0.0,0.0,0.0,0.0,0.0,-0.4625815172523254,0.0,0.0010412351896505,0.0,0.0,1.0,0.0,0.0,0.0,6,0,1
179,2023-04-30,0.0,0.0,0.0,0.0,0.0,-1.5430330344913212,0.0075066976665316,0.0,0.0,1.0,0.0,0.0,0.0,0.0,6,0,1
203,2023-05-04,0.0,0.0,0.0,0.0,0.0,0.2341623151312257,0.102174720351476,0.0,0.0,0.0,0.0,0.0,0.0,1.0,3,1,0
205,2023-05-05,0.0,0.0,0.0,0.0,0.0,0.1050885261453076,0.5127288754827829,0.0,0.0,0.0,0.0,0.0,1.0,0.0,4,1,0
206,2023-05-05,0.0,0.0,0.0,0.0,0.0,-0.8449682887420448,0.7614366710714818,0.0,0.0,0.0,1.0,0.0,0.0,0.0,4,1,0
207,2023-05-05,0.0,0.0,0.0,0.0,0.0,-0.6705111414483201,0.4667983921042377,0.0,0.0,0.0,0.0,0.0,0.0,1.0,4,1,0
208,2023-05-05,0.0,0.0,0.0,0.0,0.0,-0.2115278023711865,0.2287959785849146,0.0,0.0,0.0,0.0,1.0,0.0,0.0,4,1,0
209,2023-05-05,0.0,0.0,0.0,0.0,0.0,-1.942262163022416,0.5008494864985295,0.0,0.0,1.0,0.0,0.0,0.0,0.0,4,1,0
210,2023-05-06,0.0,0.0,0.0,0.0,0.0,-1.8529334790083496,0.5776094111853783,0.0,0.0,1.0,0.0,0.0,0.0,0.0,5,0,1
211,2023-05-06,0.0,0.0,0.0,0.0,0.0,0.303824513794941,0.6134952397058211,0.0,0.0,0.0,0.0,0.0,1.0,0.0,5,0,1
212,2023-05-06,0.0,0.0,0.0,0.0,0.0,-0.0326427618793481,0.4976820532384168,0.0,0.0,0.0,0.0,1.0,0.0,0.0,5,0,1
214,2023-05-06,0.0,0.0,0.0,0.0,0.0,-0.600198759358227,0.4809237270308087,0.0,0.0,0.0,1.0,0.0,0.0,0.0,5,0,1
215,2023-05-06,0.0,0.0,0.0,0.0,0.0,-0.4953043332140381,0.398042675610845,0.0,0.0,0.0,0.0,0.0,0.0,1.0,5,0,1
217,2023-05-07,0.0,0.0,0.0,0.0,0.0,-1.760134231001696,0.0337462252946333,0.0,0.0,1.0,0.0,0.0,0.0,0.0,6,0,1
219,2023-05-07,0.0,0.0,0.0,0.0,0.0,-0.0693960483679554,0.0492105530123595,0.0,0.0,0.0,0.0,1.0,0.0,0.0,6,0,1
254,2023-05-13,0.0,0.0,0.0,0.0,0.0,-0.0766976035944699,0.0045157836440937,0.0,0.0,0.0,1.0,0.0,0.0,0.0,5,0,1
256,2023-05-13,0.0,0.0,0.0,0.0,0.0,-0.0477619655820601,0.0099872811961458,0.0,0.0,0.0,0.0,0.0,0.0,1.0,5,0,1
281,2023-05-17,0.0,0.0,0.0,0.0,0.0,0.1703593913561491,0.0020114002846415,0.0,0.0,0.0,0.0,0.0,0.0,1.0,2,1,0
282,2023-05-18,0.0,0.0,0.0,0.0,0.0,1.1491541964154648,0.0380052376044868,0.0,0.0,0.0,0.0,0.0,1.0,0.0,3,1,0
284,2023-05-18,0.0,0.0,0.0,0.0,0.0,0.2001670379705119,0.0251322508677009,0.0,0.0,0.0,1.0,0.0,0.0,0.0,3,1,0
286,2023-05-18,0.0,0.0,0.0,0.0,0.0,0.848845783811634,0.03231950606593,0.0,0.0,0.0,0.0,1.0,0.0,0.0,3,1,0
300,2023-05-21,0.0,1.0,1.0,1.0,0.0,0.28004566761991,0.0060131878671635,0.0,0.0,0.0,0.0,0.0,1.0,0.0,6,0,1
301,2023-05-21,0.0,0.0,1.0,1.0,0.0,-1.7411848474791114,0.0015092103145817,0.0,0.0,1.0,0.0,0.0,0.0,0.0,6,0,1
304,2023-05-21,0.0,1.0,1.0,1.0,0.0,-0.4878244146428438,0.0,0.0,0.0,0.0,0.0,0.0,0.0,1.0,6,0,1
306,2023-05-22,0.0,1.0,1.0,1.0,0.0,0.8164899012258666,0.0,0.0,0.0,0.0,0.0,1.0,0.0,0.0,0,1,0
307,2023-05-22,0.0,1.0,1.0,1.0,0.0,1.1044668763631755,0.0,0.0,0.0,0.0,0.0,0.0,1.0,0.0,0,1,0
308,2023-05-22,0.0,1.0,0.0,0.0,0.0,0.1792773618291034,0.0,0.0,0.0,0.0,1.0,0.0,0.0,0.0,0,1,0
309,2023-05-22,0.0,1.0,1.0,1.0,0.0,-1.1858353737505083,0.1109612947413402,0.0,0.0,1.0,0.0,0.0,0.0,0.0,0,1,0
310,2023-05-22,0.0,1.0,1.0,1.0,0.0,-0.0525330485914437,0.0,0.0,1.0,0.0,0.0,0.0,0.0,0.0,0,1,0
311,2023-05-22,0.0,1.0,1.0,1.0,0.0,0.1348396531222904,0.0188296932820605,0.0,0.0,0.0,0.0,0.0,0.0,1.0,0,1,0
312,2023-05-23,0.0,1.0,0.0,0.0,0.0,0.2182571283685252,0.0,0.0,0.0,0.0,1.0,0.0,0.0,0.0,1,1,0
313,2023-05-23,0.0,1.0,1.0,1.0,0.0,0.8695586085860345,0.0,0.0,0.0,0.0,0.0,1.0,0.0,0.0,1,1,0
314,2023-05-23,0.0,1.0,1.0,1.0,0.0,1.154916637519897,0.0,0.0,0.0,0.0,0.0,0.0,1.0,0.0,1,1,0
316,2023-05-23,0.0,1.0,0.0,0.0,0.0,-0.0208752146441007,0.0,0.0,1.0,0.0,0.0,0.0,0.0,0.0,1,1,0
317,2023-05-23,0.0,1.0,0.0,0.0,0.0,-1.1364881357794232,0.0,0.0,0.0,1.0,0.0,0.0,0.0,0.0,1,1,0
336,2023-05-27,0.0,0.0,0.0,0.0,0.0,0.4598291857676342,0.5590744150393848,0.0,0.0,0.0,0.0,0.0,1.0,0.0,5,0,1
337,2023-05-27,0.0,0.0,0.0,0.0,0.0,-0.4529403509529237,0.6114146062914114,0.0,0.0,0.0,1.0,0.0,0.0,0.0,5,0,1
338,2023-05-27,0.0,0.0,0.0,0.0,0.0,-1.6178363202427426,0.362992559446969,0.0,0.0,1.0,0.0,0.0,0.0,0.0,5,0,1
339,2023-05-27,0.0,0.0,0.0,0.0,0.0,0.1377727083537288,0.3170276988530425,0.0,0.0,0.0,0.0,1.0,0.0,0.0,5,0,1
341,2023-05-27,0.0,0.0,0.0,0.0,0.0,-0.3667899554748241,0.759158147531162,0.0,0.0,0.0,0.0,0.0,0.0,1.0,5,0,1
342,2023-05-28,0.0,0.0,0.0,0.0,0.0,0.0329814670288473,0.5901828277635259,0.0,0.0,0.0,0.0,0.0,1.0,0.0,6,0,1
343,2023-05-28,0.0,0.0,0.0,0.0,0.0,-2.0481118923903576,0.5428645510489782,0.0,0.0,1.0,0.0,0.0,0.0,0.0,6,0,1
344,2023-05-28,0.0,0.0,0.0,0.0,0.0,-0.8568780913801047,0.3788350591863743,0.0,0.0,0.0,1.0,0.0,0.0,0.0,6,0,1
345,2023-05-28,0.0,0.0,0.0,0.0,0.0,-0.253601095518558,0.5955648183685603,0.0,0.0,0.0,0.0,1.0,0.0,0.0,6,0,1
346,2023-05-28,0.0,0.0,0.0,0.0,0.0,-0.7235392372279519,0.3733397618044843,0.0,0.0,0.0,0.0,0.0,0.0,1.0,6,0,1
348,2023-05-29,0.0,0.0,0.0,0.0,0.0,-0.0053071356042045,0.0351694086604097,0.0,0.0,0.0,0.0,1.0,0.0,0.0,0,1,0
349,2023-05-29,0.0,0.0,0.0,0.0,0.0,0.2463799119479877,0.0236839419179896,0.0,0.0,0.0,0.0,0.0,1.0,0.0,0,1,0
350,2023-05-29,0.0,0.0,0.0,0.0,0.0,-0.5359056817497992,0.0075066976665316,0.0,0.0,0.0,1.0,0.0,0.0,0.0,0,1,0
351,2023-05-29,0.0,0.0,0.0,0.0,0.0,-1.7093161641550851,0.1232848190464577,0.0,0.0,1.0,0.0,0.0,0.0,0.0,0,1,0
353,2023-05-29,0.0,0.0,0.0,0.0,0.0,-0.4552291516892546,0.0168764458405369,0.0,0.0,0.0,0.0,0.0,0.0,1.0,0,1,0
355,2023-05-30,0.0,0.0,0.0,0.0,0.0,-1.1195728079410563,0.1975221427577152,0.0,0.0,1.0,0.0,0.0,0.0,0.0,1,1,0
396,2023-06-06,0.0,0.0,0.0,0.0,0.0,-0.4238535300976164,0.0080036723355122,0.0,0.0,0.0,0.0,0.0,0.0,1.0,1,1,0
399,2023-06-06,0.0,0.0,0.0,0.0,0.0,-1.738776980565892,0.0045157836440937,0.0,0.0,1.0,0.0,0.0,0.0,0.0,1,1,0
403,2023-06-07,0.0,0.0,0.0,0.0,0.0,0.1968123010076879,0.0045157836440937,0.0,0.0,0.0,1.0,0.0,0.0,0.0,2,1,0
405,2023-06-07,0.0,0.0,0.0,0.0,0.0,0.1574565920965017,0.0070092925300488,0.0,0.0,0.0,0.0,0.0,0.0,1.0,2,1,0
409,2023-06-08,0.0,0.0,0.0,0.0,0.0,1.1216310441795936,0.0149165320125727,0.0,0.0,0.0,0.0,0.0,1.0,0.0,3,1,0
410,2023-06-08,0.0,0.0,0.0,0.0,0.0,-1.139016179442649,0.0089963332467646,0.0,0.0,1.0,0.0,0.0,0.0,0.0,3,1,0
411,2023-06-08,0.0,0.0,0.0,0.0,0.0,0.1660746310010733,0.3161569569209856,0.0,0.0,0.0,1.0,0.0,0.0,0.0,3,1,0
412,2023-06-08,0.0,0.0,0.0,0.0,0.0,0.1080230010025445,0.2206214036197666,0.0,0.0,0.0,0.0,0.0,0.0,1.0,3,1,0
414,2023-06-09,0.0,0.0,0.0,0.0,0.0,1.1762028613146005,0.0408271312149752,0.0,0.0,0.0,0.0,0.0,1.0,0.0,4,1,0
416,2023-06-09,0.0,0.0,0.0,0.0,0.0,0.2098121272225763,0.4568816682191178,0.0,0.0,0.0,1.0,0.0,0.0,0.0,4,1,0
418,2023-06-09,0.0,0.0,0.0,0.0,0.0,0.1787424417363888,0.0246498869635172,0.0,0.0,0.0,0.0,0.0,0.0,1.0,4,1,0
420,2023-06-10,0.0,0.0,0.0,0.0,0.0,0.6028159258329865,0.0060131878671635,0.0,0.0,0.0,0.0,0.0,1.0,0.0,5,0,1
421,2023-06-10,0.0,0.0,0.0,0.0,0.0,-0.2820022042418716,0.2792696945154275,0.0,0.0,0.0,1.0,0.0,0.0,0.0,5,0,1
425,2023-06-10,0.0,0.0,0.0,0.0,0.0,-0.1928097052523386,0.1867072431889266,0.0,0.0,0.0,0.0,0.0,0.0,1.0,5,0,1
426,2023-06-11,0.0,0.0,0.0,0.0,0.0,-1.9327213654830453,0.1134472475161255,0.0,0.0,1.0,0.0,0.0,0.0,0.0,6,0,1
427,2023-06-11,0.0,0.0,0.0,0.0,0.0,0.0876261124446904,0.0629165543143021,0.0,0.0,0.0,0.0,0.0,1.0,0.0,6,0,1
428,2023-06-11,0.0,0.0,0.0,0.0,0.0,-0.7279935405419071,0.0351694086604097,0.0,0.0,0.0,1.0,0.0,0.0,0.0,6,0,1
431,2023-06-11,0.0,0.0,0.0,0.0,0.0,-0.5749309837111993,0.0538156634505204,0.0,0.0,0.0,0.0,0.0,0.0,1.0,6,0,1
442,2023-06-13,0.0,0.0,0.0,0.0,0.0,0.1923549537614924,0.0060131878671635,0.0,0.0,0.0,1.0,0.0,0.0,0.0,1,1,0
444,2023-06-14,0.0,0.0,0.0,0.0,0.0,1.1336809844762838,0.551026677003337,0.0,0.0,0.0,0.0,0.0,1.0,0.0,2,1,0
445,2023-06-14,0.0,0.0,0.0,0.0,0.0,0.1637413374190977,0.0492105530123595,0.0,0.0,0.0,1.0,0.0,0.0,0.0,2,1,0
452,2023-06-15,0.0,0.0,0.0,0.0,0.0,-1.1057918589787277,0.0193169688260756,0.0,0.0,1.0,0.0,0.0,0.0,0.0,3,1,0
453,2023-06-15,0.0,0.0,0.0,0.0,0.0,0.8166488009934298,0.03231950606593,0.0,0.0,0.0,0.0,1.0,0.0,0.0,3,1,0
474,2023-06-19,1.0,0.0,0.0,0.0,0.0,1.058731654461676,0.0,0.0,0.0,0.0,0.0,0.0,1.0,0.0,0,1,0
480,2023-06-20,0.0,0.0,0.0,0.0,0.0,1.109768533066675,0.0265769162690366,0.0,0.0,0.0,0.0,0.0,1.0,0.0,1,1,0
481,2023-06-20,0.0,0.0,0.0,0.0,0.0,0.1412639717414406,0.0149165320125727,0.0,0.0,0.0,1.0,0.0,0.0,0.0,1,1,0
482,2023-06-20,0.0,0.0,0.0,0.0,0.0,0.7831969748576972,0.1097142710283525,0.0,0.0,0.0,0.0,1.0,0.0,0.0,1,1,0
483,2023-06-20,0.0,0.0,0.0,0.0,0.0,-1.1377723591260718,0.010482114655602,0.0,0.0,1.0,0.0,0.0,0.0,0.0,1,1,0
485,2023-06-20,0.0,0.0,0.0,0.0,0.0,0.0907039190956174,0.2854312793168614,0.0,0.0,0.0,0.0,0.0,0.0,1.0,1,1,0
486,2023-06-21,0.0,0.0,0.0,0.0,0.0,0.7365158132265961,0.4486386435151163,0.0,0.0,0.0,0.0,1.0,0.0,0.0,2,1,0
487,2023-06-21,0.0,0.0,0.0,0.0,0.0,1.0964277387528123,0.2584542488533778,0.0,0.0,0.0,0.0,0.0,1.0,0.0,2,1,0
488,2023-06-21,0.0,0.0,0.0,0.0,0.0,0.0603719261763486,0.1659577376476138,0.0,0.0,0.0,0.0,0.0,0.0,1.0,2,1,0
489,2023-06-21,0.0,0.0,0.0,0.0,0.0,0.0970458551446108,0.164446541527696,0.0,0.0,0.0,1.0,0.0,0.0,0.0,2,1,0
491,2023-06-21,0.0,0.0,0.0,0.0,0.0,-1.2285001873417518,0.3091430780441008,0.0,0.0,1.0,0.0,0.0,0.0,0.0,2,1,0
492,2023-06-22,0.0,0.0,0.0,0.0,0.0,-1.143616694959152,0.0193169688260756,0.0,0.0,1.0,0.0,0.0,0.0,0.0,3,1,0
494,2023-06-22,0.0,0.0,0.0,0.0,0.0,0.147840487876688,0.0893845659378073,0.0,0.0,0.0,1.0,0.0,0.0,0.0,3,1,0
495,2023-06-22,0.0,0.0,0.0,0.0,0.0,0.7947466938371798,0.0030144646342876,0.0,0.0,0.0,0.0,1.0,0.0,0.0,3,1,0
496,2023-06-22,0.0,0.0,0.0,0.0,0.0,0.1448345643283394,0.0168764458405369,0.0,0.0,0.0,0.0,0.0,0.0,1.0,3,1,0
510,2023-06-25,1.0,0.0,0.0,0.0,0.0,0.1749288906389821,0.0,0.0,0.0,0.0,0.0,0.0,1.0,0.0,6,0,1
516,2023-06-26,0.0,0.0,0.0,0.0,0.0,1.009937979432247,0.533392102142579,0.0,0.0,0.0,0.0,0.0,1.0,0.0,0,1,0
517,2023-06-26,0.0,0.0,0.0,0.0,0.0,-0.0202185500550717,0.5934180712174008,0.0,0.0,0.0,1.0,0.0,0.0,0.0,0,1,0
518,2023-06-26,0.0,0.0,0.0,0.0,0.0,-1.3049389630629689,0.6056536859875538,0.0,0.0,1.0,0.0,0.0,0.0,0.0,0,1,0
519,2023-06-26,0.0,0.0,0.0,0.0,0.0,0.6402171769682068,0.474345714735886,0.0,0.0,0.0,0.0,1.0,0.0,0.0,0,1,0
521,2023-06-26,0.0,0.0,0.0,0.0,0.0,-0.0216356074988721,0.4183329568634283,0.0,0.0,0.0,0.0,0.0,0.0,1.0,0,1,0
524,2023-06-27,0.0,0.0,0.0,0.0,0.0,0.7366492272410801,0.0060131878671635,0.0,0.0,0.0,0.0,1.0,0.0,0.0,1,1,0
525,2023-06-27,0.0,0.0,0.0,0.0,0.0,0.0842383310629088,0.019803831249614,0.0,0.0,0.0,0.0,0.0,0.0,1.0,1,1,0
527,2023-06-27,0.0,0.0,0.0,0.0,0.0,-1.2057844541534777,0.1779062403621415,0.0,0.0,1.0,0.0,0.0,0.0,0.0,1,1,0
530,2023-06-28,0.0,0.0,0.0,0.0,0.0,0.1187278597992808,0.0020114002846415,0.0,0.0,0.0,0.0,0.0,0.0,1.0,2,1,0
534,2023-06-29,0.0,0.0,0.0,0.0,0.0,0.9988025934299488,0.8452959042340495,0.0,0.0,0.0,0.0,0.0,1.0,0.0,3,1,0
535,2023-06-29,0.0,0.0,0.0,0.0,0.0,0.6197214917349859,0.8065674658772921,0.0,0.0,0.0,0.0,1.0,0.0,0.0,3,1,0
537,2023-06-29,0.0,0.0,0.0,0.0,0.0,-0.0770365563010387,0.893178142883604,0.0,0.0,0.0,1.0,0.0,0.0,0.0,3,1,0
538,2023-06-29,0.0,0.0,0.0,0.0,0.0,-0.0761013495886452,0.6985947388343642,0.0,0.0,0.0,0.0,0.0,0.0,1.0,3,1,0
539,2023-06-29,0.0,0.0,0.0,0.0,0.0,-1.3291820366376643,0.7447432432399506,0.0,0.0,1.0,0.0,0.0,0.0,0.0,3,1,0
540,2023-06-30,0.0,0.0,0.0,0.0,0.0,1.169131592495518,0.0119640617855746,0.0,0.0,0.0,0.0,0.0,1.0,0.0,4,1,0
541,2023-06-30,0.0,0.0,0.0,0.0,0.0,0.1644554409368896,0.2007272907666578,0.0,0.0,0.0,1.0,0.0,0.0,0.0,4,1,0
542,2023-06-30,0.0,0.0,0.0,0.0,0.0,0.8190756528686918,0.0149165320125727,0.0,0.0,0.0,0.0,1.0,0.0,0.0,4,1,0
543,2023-06-30,0.0,0.0,0.0,0.0,0.0,-1.1024569872725598,0.0030144646342876,0.0,0.0,1.0,0.0,0.0,0.0,0.0,4,1,0
545,2023-06-30,0.0,0.0,0.0,0.0,0.0,0.1631866004676134,0.0099872811961458,0.0,0.0,0.0,0.0,0.0,0.0,1.0,4,1,0
558,2023-07-03,1.0,0.0,0.0,0.0,0.0,1.046877351996828,0.0,0.0,0.0,0.0,0.0,0.0,1.0,0.0,0,1,0
564,2023-07-04,0.0,0.0,0.0,0.0,0.0,1.0521859563156444,0.8255407406563293,0.0,0.0,0.0,0.0,0.0,1.0,0.0,1,1,0
565,2023-07-04,0.0,0.0,0.0,0.0,0.0,-1.2409269257371751,0.6531146855247547,0.0,0.0,1.0,0.0,0.0,0.0,0.0,1,1,0
566,2023-07-04,0.0,0.0,0.0,0.0,0.0,-0.0032181664220425,0.7772682510952788,0.0,0.0,0.0,1.0,0.0,0.0,0.0,1,1,0
567,2023-07-04,0.0,0.0,0.0,0.0,0.0,0.7002152457408473,0.443076816075321,0.0,0.0,0.0,0.0,1.0,0.0,0.0,1,1,0
569,2023-07-04,0.0,0.0,0.0,0.0,0.0,-0.0409409283358017,0.7825788611683028,0.0,0.0,0.0,0.0,0.0,0.0,1.0,1,1,0
570,2023-07-05,0.0,0.0,0.0,0.0,0.0,1.1054157637904978,0.0236839419179896,0.0,0.0,0.0,0.0,0.0,1.0,0.0,2,1,0
571,2023-07-05,0.0,0.0,0.0,0.0,0.0,0.0873996602174289,0.1317565835657623,0.0,0.0,0.0,1.0,0.0,0.0,0.0,2,1,0
572,2023-07-05,0.0,0.0,0.0,0.0,0.0,-1.163779838927936,0.03231950606593,0.0,0.0,1.0,0.0,0.0,0.0,0.0,2,1,0
573,2023-07-05,0.0,0.0,0.0,0.0,0.0,0.7432312547971233,0.0119640617855746,0.0,0.0,0.0,0.0,1.0,0.0,0.0,2,1,0
575,2023-07-05,0.0,0.0,0.0,0.0,0.0,0.1076975410613438,0.0771844732108584,0.0,0.0,0.0,0.0,0.0,0.0,1.0,2,1,0
590,2023-07-08,0.0,0.0,0.0,0.0,0.0,-1.395962478408143,0.0075066976665316,0.0,0.0,1.0,0.0,0.0,0.0,0.0,5,0,1
591,2023-07-08,0.0,0.0,0.0,0.0,0.0,0.3618362771874811,0.0030144646342876,0.0,0.0,0.0,0.0,1.0,0.0,0.0,5,0,1
594,2023-07-09,0.0,0.0,0.0,0.0,0.0,-0.0259827575931542,0.7194043889542391,0.0,0.0,0.0,0.0,0.0,1.0,0.0,6,0,1
595,2023-07-09,0.0,0.0,0.0,0.0,0.0,-0.8605033547319475,0.3239465077786868,0.0,0.0,0.0,1.0,0.0,0.0,0.0,6,0,1
596,2023-07-09,0.0,0.0,0.0,0.0,0.0,-1.9646271188522864,0.5182713182359212,0.0,0.0,1.0,0.0,0.0,0.0,0.0,6,0,1
597,2023-07-09,0.0,0.0,0.0,0.0,0.0,-0.175859981090608,0.5579316202459834,0.0,0.0,0.0,0.0,1.0,0.0,0.0,6,0,1
599,2023-07-09,0.0,0.0,0.0,0.0,0.0,-0.6915942460486237,0.2584542488533778,0.0,0.0,0.0,0.0,0.0,0.0,1.0,6,0,1
600,2023-07-10,0.0,0.0,0.0,0.0,0.0,1.0376393225607248,0.271787449325817,0.0,0.0,0.0,0.0,0.0,1.0,0.0,0,1,0
601,2023-07-10,0.0,0.0,0.0,0.0,0.0,-1.2464996681740312,0.4465592657663448,0.0,0.0,1.0,0.0,0.0,0.0,0.0,0,1,0
603,2023-07-10,0.0,0.0,0.0,0.0,0.0,0.666898168749187,0.4303621816767751,0.0,0.0,0.0,0.0,1.0,0.0,0.0,0,1,0
604,2023-07-10,0.0,0.0,0.0,0.0,0.0,0.0508703430169339,0.0294553894346391,0.0,0.0,0.0,0.0,0.0,0.0,1.0,0,1,0
606,2023-07-11,0.0,0.0,0.0,0.0,0.0,1.0130557584534206,0.8058250556973958,0.0,0.0,0.0,0.0,0.0,1.0,0.0,1,1,0
607,2023-07-11,0.0,0.0,0.0,0.0,0.0,-1.334566801960519,0.9461676072071156,0.0,0.0,1.0,0.0,0.0,0.0,0.0,1,1,0
608,2023-07-11,0.0,0.0,0.0,0.0,0.0,-0.0496668343578266,0.7880962604095798,0.0,0.0,0.0,1.0,0.0,0.0,0.0,1,1,0
609,2023-07-11,0.0,0.0,0.0,0.0,0.0,0.6345028951865366,0.7372582889782858,0.0,0.0,0.0,0.0,1.0,0.0,0.0,1,1,0
610,2023-07-11,0.0,0.0,0.0,0.0,0.0,-0.0397591361791155,0.5205141033114454,0.0,0.0,0.0,0.0,0.0,0.0,1.0,1,1,0
612,2023-07-12,0.0,0.0,0.0,0.0,0.0,1.1125869936539137,0.0060131878671635,0.0,0.0,0.0,0.0,0.0,1.0,0.0,2,1,0
613,2023-07-12,0.0,0.0,0.0,0.0,0.0,0.0825401687019979,0.0906764769307636,0.0,0.0,0.0,1.0,0.0,0.0,0.0,2,1,0
614,2023-07-12,0.0,0.0,0.0,0.0,0.0,-1.1909860973974635,0.0015092103145817,0.0,0.0,1.0,0.0,0.0,0.0,0.0,2,1,0
615,2023-07-12,0.0,0.0,0.0,0.0,0.0,0.7421744566573624,0.0060131878671635,0.0,0.0,0.0,0.0,1.0,0.0,0.0,2,1,0
617,2023-07-12,0.0,0.0,0.0,0.0,0.0,0.1087026997471652,0.0010065807908815,0.0,0.0,0.0,0.0,0.0,0.0,1.0,2,1,0
618,2023-07-13,0.0,0.0,0.0,0.0,0.0,1.0238646691040376,0.965616321190582,0.0,0.0,0.0,0.0,0.0,1.0,0.0,3,1,0
619,2023-07-13,0.0,0.0,0.0,0.0,0.0,-0.0671738798757986,0.7717767073890498,0.0,0.0,0.0,1.0,0.0,0.0,0.0,3,1,0
620,2023-07-13,0.0,0.0,0.0,0.0,0.0,-1.3246935097265236,0.668416285418622,0.0,0.0,1.0,0.0,0.0,0.0,0.0,3,1,0
621,2023-07-13,0.0,0.0,0.0,0.0,0.0,0.6176747470346398,0.8233832395806165,0.0,0.0,0.0,0.0,1.0,0.0,0.0,3,1,0
623,2023-07-13,0.0,0.0,0.0,0.0,0.0,-0.0585874857896085,0.9074617194861002,0.0,0.0,0.0,0.0,0.0,0.0,1.0,3,1,0
624,2023-07-14,0.0,0.0,0.0,0.0,0.0,0.7046936950660908,0.4346317492567659,0.0,0.0,0.0,0.0,1.0,0.0,0.0,4,1,0
625,2023-07-14,0.0,0.0,0.0,0.0,0.0,1.069605658762274,0.4513994863048976,0.0,0.0,0.0,0.0,0.0,1.0,0.0,4,1,0
626,2023-07-14,0.0,0.0,0.0,0.0,0.0,0.0324134340166762,0.3728136470684939,0.0,0.0,0.0,0.0,0.0,0.0,1.0,4,1,0
627,2023-07-14,0.0,0.0,0.0,0.0,0.0,0.0085836881348333,0.3881349254991233,0.0,0.0,0.0,1.0,0.0,0.0,0.0,4,1,0
629,2023-07-14,0.0,0.0,0.0,0.0,0.0,-1.260419653221747,0.7254175768214026,0.0,0.0,1.0,0.0,0.0,0.0,0.0,4,1,0
630,2023-07-15,0.0,0.0,0.0,0.0,0.0,0.4846154545577383,0.0492105530123595,0.0,0.0,0.0,0.0,0.0,1.0,0.0,5,0,1
631,2023-07-15,0.0,0.0,0.0,0.0,0.0,-0.4300912851268531,0.3038258715906549,0.0,0.0,0.0,1.0,0.0,0.0,0.0,5,0,1
632,2023-07-15,0.0,0.0,0.0,0.0,0.0,-1.6197638283727411,0.335014759270536,0.0,0.0,1.0,0.0,0.0,0.0,0.0,5,0,1
633,2023-07-15,0.0,0.0,0.0,0.0,0.0,0.1870551287392587,0.0867919918089019,0.0,0.0,0.0,0.0,1.0,0.0,0.0,5,0,1
635,2023-07-15,0.0,0.0,0.0,0.0,0.0,-0.2988326035339098,0.0070092925300488,0.0,0.0,0.0,0.0,0.0,0.0,1.0,5,0,1
636,2023-07-16,0.0,0.0,0.0,0.0,0.0,0.0400628412441871,0.2368558188797009,0.0,0.0,0.0,0.0,0.0,1.0,0.0,6,0,1
637,2023-07-16,0.0,0.0,0.0,0.0,0.0,-0.5732629562249253,0.019803831249614,0.0,0.0,0.0,0.0,0.0,0.0,1.0,6,0,1
638,2023-07-16,0.0,0.0,0.0,0.0,0.0,-0.8002206102816691,0.0394179177613586,0.0,0.0,0.0,1.0,0.0,0.0,0.0,6,0,1
639,2023-07-16,0.0,0.0,0.0,0.0,0.0,-1.9405738194581048,0.0015092103145817,0.0,0.0,1.0,0.0,0.0,0.0,0.0,6,0,1
640,2023-07-16,0.0,0.0,0.0,0.0,0.0,-0.2288179431900715,0.0060131878671635,0.0,0.0,0.0,0.0,1.0,0.0,0.0,6,0,1
643,2023-07-17,0.0,0.0,0.0,0.0,0.0,0.664375244440231,0.1975221427577152,0.0,0.0,0.0,0.0,1.0,0.0,0.0,0,1,0
644,2023-07-17,0.0,0.0,0.0,0.0,0.0,0.0442378164457328,0.0149165320125727,0.0,0.0,0.0,0.0,0.0,0.0,1.0,0,1,0
645,2023-07-17,0.0,0.0,0.0,0.0,0.0,0.0287803628765449,0.0763030391250408,0.0,0.0,0.0,1.0,0.0,0.0,0.0,0,1,0
647,2023-07-17,0.0,0.0,0.0,0.0,0.0,-1.251534719701255,0.1745707758396353,0.0,0.0,1.0,0.0,0.0,0.0,0.0,0,1,0
648,2023-07-18,0.0,0.0,0.0,0.0,0.0,1.0596935172816648,0.0867919918089019,0.0,0.0,0.0,0.0,0.0,1.0,0.0,1,1,0
650,2023-07-18,0.0,0.0,0.0,0.0,0.0,-1.265320489755443,0.5880158282329111,0.0,0.0,1.0,0.0,0.0,0.0,0.0,1,1,0
651,2023-07-18,0.0,0.0,0.0,0.0,0.0,0.6647340319357962,0.7990998158559778,0.0,0.0,0.0,0.0,1.0,0.0,0.0,1,1,0
652,2023-07-18,0.0,0.0,0.0,0.0,0.0,0.0337261237327566,0.0246498869635172,0.0,0.0,0.0,0.0,0.0,0.0,1.0,1,1,0
668,2023-07-21,1.0,0.0,0.0,0.0,0.0,1.1527094450415394,0.0,0.0,0.0,0.0,0.0,0.0,1.0,0.0,4,1,0
672,2023-07-22,0.0,0.0,0.0,0.0,0.0,0.5539544759783875,0.2811251216357596,0.0,0.0,0.0,0.0,0.0,1.0,0.0,5,0,1
673,2023-07-22,0.0,0.0,0.0,0.0,0.0,-0.3783215317649729,0.1529840013924919,0.0,0.0,0.0,1.0,0.0,0.0,0.0,5,0,1
674,2023-07-22,0.0,0.0,0.0,0.0,0.0,-1.5428576684593094,0.0464296555963676,0.0,0.0,1.0,0.0,0.0,0.0,0.0,5,0,1
675,2023-07-22,0.0,0.0,0.0,0.0,0.0,0.2398642615702118,0.271787449325817,0.0,0.0,0.0,0.0,1.0,0.0,0.0,5,0,1
677,2023-07-22,0.0,0.0,0.0,0.0,0.0,-0.2771692380053824,0.3336076176839101,0.0,0.0,0.0,0.0,0.0,0.0,1.0,5,0,1
678,2023-07-23,0.0,0.0,0.0,0.0,0.0,-0.822284593073533,0.5984147209630398,0.0,0.0,0.0,0.0,0.0,0.0,1.0,6,0,1
679,2023-07-23,0.0,0.0,0.0,0.0,0.0,-2.1899145345969973,0.521936782984133,0.0,0.0,1.0,0.0,0.0,0.0,0.0,6,0,1
680,2023-07-23,0.0,0.0,0.0,0.0,0.0,-0.1305852113766958,0.6428467763154796,0.0,0.0,0.0,0.0,0.0,1.0,0.0,6,0,1
681,2023-07-23,0.0,0.0,0.0,0.0,0.0,-1.0314253385324836,0.6982961923269039,0.0,0.0,0.0,1.0,0.0,0.0,0.0,6,0,1
682,2023-07-23,0.0,0.0,0.0,0.0,0.0,-0.4242177732621645,0.965616321190582,0.0,0.0,0.0,0.0,1.0,0.0,0.0,6,0,1
685,2023-07-24,0.0,0.0,0.0,0.0,0.0,-1.2728143304002029,0.1171561141921142,0.0,0.0,1.0,0.0,0.0,0.0,0.0,0,1,0
687,2023-07-24,0.0,0.0,0.0,0.0,0.0,0.6689856062184993,0.0867919918089019,0.0,0.0,0.0,0.0,1.0,0.0,0.0,0,1,0
690,2023-07-25,0.0,0.0,0.0,0.0,0.0,1.0613560790473442,0.1459950202673144,0.0,0.0,0.0,0.0,0.0,1.0,0.0,1,1,0
691,2023-07-25,0.0,0.0,0.0,0.0,0.0,0.6789466516166112,0.0408271312149752,0.0,0.0,0.0,0.0,1.0,0.0,0.0,1,1,0
693,2023-07-25,0.0,0.0,0.0,0.0,0.0,0.0255323640636446,0.0683086520923263,0.0,0.0,0.0,1.0,0.0,0.0,0.0,1,1,0
694,2023-07-25,0.0,0.0,0.0,0.0,0.0,0.0375259151668294,0.0380052376044868,0.0,0.0,0.0,0.0,0.0,0.0,1.0,1,1,0
696,2023-07-26,0.0,0.0,0.0,0.0,0.0,1.0705805599759,0.0294553894346391,0.0,0.0,0.0,0.0,0.0,1.0,0.0,2,1,0
697,2023-07-26,0.0,0.0,0.0,0.0,0.0,0.6853716241627898,0.4070390088576097,0.0,0.0,0.0,0.0,1.0,0.0,0.0,2,1,0
698,2023-07-26,0.0,0.0,0.0,0.0,0.0,0.0216890219289876,0.4822303355448277,0.0,0.0,0.0,1.0,0.0,0.0,0.0,2,1,0
699,2023-07-26,0.0,0.0,0.0,0.0,0.0,0.0588988673262132,0.1171561141921142,0.0,0.0,0.0,0.0,0.0,0.0,1.0,2,1,0
700,2023-07-26,0.0,0.0,0.0,0.0,0.0,-1.2617444832893778,0.3002535167160588,0.0,0.0,1.0,0.0,0.0,0.0,0.0,2,1,0
709,2023-07-28,1.0,0.0,0.0,0.0,0.0,1.0946562293332878,0.0,0.0,0.0,0.0,0.0,0.0,1.0,0.0,4,1,0
716,2023-07-29,1.0,0.0,0.0,0.0,0.0,0.4860646744911356,0.0,0.0,0.0,0.0,0.0,0.0,1.0,0.0,5,0,1
718,2023-07-29,0.0,0.0,0.0,0.0,0.0,-0.2719565951728554,0.1537553301775856,0.0,0.0,0.0,0.0,0.0,0.0,1.0,5,0,1
721,2023-07-30,1.0,0.0,0.0,0.0,0.0,0.0766711062205218,0.4822303355448277,0.0,0.0,0.0,0.0,0.0,1.0,0.0,6,0,1
725,2023-07-30,1.0,0.0,0.0,0.0,0.0,-0.6130982399892718,0.0,0.0,0.0,0.0,0.0,0.0,0.0,1.0,6,0,1
726,2023-07-31,1.0,0.0,0.0,0.0,0.0,0.9539820049928092,0.0089963332467646,0.0,0.0,0.0,0.0,0.0,1.0,0.0,0,1,0
729,2023-07-31,0.0,0.0,0.0,0.0,0.0,-1.3220393877268304,0.6703006322912637,0.0,0.0,1.0,0.0,0.0,0.0,0.0,0,1,0
732,2023-08-01,1.0,0.0,0.0,0.0,0.0,0.9757872963614748,0.0,0.0,0.0,0.0,0.0,0.0,1.0,0.0,1,1,0
739,2023-08-02,1.0,0.0,0.0,0.0,0.0,0.9668902719363556,0.0,0.0,0.0,0.0,0.0,0.0,1.0,0.0,2,1,0
745,2023-08-03,1.0,0.0,0.0,0.0,0.0,0.97718679479366,0.0,0.0,0.0,0.0,0.0,0.0,1.0,0.0,3,1,0
752,2023-08-04,1.0,0.0,0.0,0.0,0.0,0.978297135607622,0.0,0.0,0.0,0.0,0.0,0.0,1.0,0.0,4,1,0
756,2023-08-05,1.0,0.0,0.0,0.0,0.0,0.352021671935256,0.0,0.0,0.0,0.0,0.0,0.0,1.0,0.0,5,0,1
762,2023-08-06,1.0,0.0,0.0,0.0,0.0,-0.0837733134081568,0.1317565835657623,0.0,0.0,0.0,0.0,0.0,1.0,0.0,6,0,1
764,2023-08-06,0.0,0.0,0.0,0.0,0.0,-2.0600424833037314,0.0015092103145817,0.0,0.0,1.0,0.0,0.0,0.0,0.0,6,0,1
765,2023-08-06,0.0,0.0,0.0,0.0,0.0,-0.3631395335365222,0.0119640617855746,0.0,0.0,0.0,0.0,1.0,0.0,0.0,6,0,1
767,2023-08-06,0.0,0.0,0.0,0.0,0.0,-0.6678279002949357,0.022716369331599,0.0,0.0,0.0,0.0,0.0,0.0,1.0,6,0,1
768,2023-08-07,1.0,0.0,0.0,0.0,0.0,-0.0399542643765848,0.0736505900944383,0.0,0.0,0.0,0.0,0.0,0.0,1.0,0,1,0
769,2023-08-07,1.0,0.0,0.0,0.0,0.0,0.93875961050852,0.0,0.0,0.0,0.0,0.0,0.0,1.0,0.0,0,1,0
771,2023-08-07,0.0,0.0,0.0,0.0,0.0,-1.3444447229892678,0.0629165543143021,0.0,0.0,1.0,0.0,0.0,0.0,0.0,0,1,0
774,2023-08-08,1.0,0.0,0.0,0.0,0.0,1.0041963259550153,0.0,0.0,0.0,0.0,0.0,0.0,1.0,0.0,1,1,0
778,2023-08-08,1.0,0.0,0.0,0.0,0.0,-0.0069218143161371,0.0,0.0,0.0,0.0,0.0,0.0,0.0,1.0,1,1,0
781,2023-08-09,0.0,0.0,0.0,0.0,0.0,-1.270790549944048,0.0251322508677009,0.0,0.0,1.0,0.0,0.0,0.0,0.0,2,1,0
782,2023-08-09,0.0,0.0,0.0,0.0,0.0,-0.0247938507631093,0.0149165320125727,0.0,0.0,0.0,1.0,0.0,0.0,0.0,2,1,0
783,2023-08-09,0.0,0.0,0.0,0.0,0.0,0.6556369400246819,0.0030144646342876,0.0,0.0,0.0,0.0,1.0,0.0,0.0,2,1,0
786,2023-08-10,0.0,0.0,0.0,0.0,0.0,0.7010352203379263,0.9689811014862588,0.0,0.0,0.0,0.0,0.0,1.0,0.0,3,1,0
787,2023-08-10,0.0,0.0,0.0,0.0,0.0,-0.3939809571664399,0.7694070168427489,0.0,0.0,0.0,1.0,0.0,0.0,0.0,3,1,0
788,2023-08-10,0.0,0.0,0.0,0.0,0.0,-0.3414394940026307,0.6012505499071171,0.0,0.0,0.0,0.0,0.0,0.0,1.0,3,1,0
790,2023-08-10,0.0,0.0,0.0,0.0,0.0,0.2733326816170121,1.0,0.0,0.0,0.0,0.0,1.0,0.0,0.0,3,1,0
791,2023-08-10,0.0,0.0,0.0,0.0,0.0,-1.6838808918185255,0.8344440848017385,0.0,0.0,1.0,0.0,0.0,0.0,0.0,3,1,0
792,2023-08-11,0.0,0.0,0.0,0.0,0.0,0.980855489976324,0.6448167754830443,0.0,0.0,0.0,0.0,0.0,1.0,0.0,4,1,0
793,2023-08-11,0.0,0.0,0.0,0.0,0.0,-0.0938266115666496,0.5127288754827829,0.0,0.0,0.0,1.0,0.0,0.0,0.0,4,1,0
794,2023-08-11,0.0,0.0,0.0,0.0,0.0,0.6345809114911404,0.1734546351691848,0.0,0.0,0.0,0.0,1.0,0.0,0.0,4,1,0
795,2023-08-11,0.0,0.0,0.0,0.0,0.0,-1.3264732871686942,0.1834226535240036,0.0,0.0,1.0,0.0,0.0,0.0,0.0,4,1,0
796,2023-08-11,0.0,0.0,0.0,0.0,0.0,-0.053900777918307,0.4154080565121372,0.0,0.0,0.0,0.0,0.0,0.0,1.0,4,1,0
798,2023-08-12,0.0,0.0,0.0,0.0,0.0,0.464690549064749,0.0408271312149752,0.0,0.0,0.0,0.0,0.0,1.0,0.0,5,0,1
799,2023-08-12,0.0,0.0,0.0,0.0,0.0,-1.6028814226192247,0.0478217876579551,0.0,0.0,1.0,0.0,0.0,0.0,0.0,5,0,1
800,2023-08-12,0.0,0.0,0.0,0.0,0.0,-0.4282488545601037,0.1208411804902641,0.0,0.0,0.0,1.0,0.0,0.0,0.0,5,0,1
802,2023-08-12,0.0,0.0,0.0,0.0,0.0,-0.2697215358142176,0.2123287801772503,0.0,0.0,0.0,0.0,0.0,0.0,1.0,5,0,1
808,2023-08-13,0.0,0.0,0.0,0.0,0.0,-0.5128200365332757,0.262295428353699,0.0,0.0,0.0,0.0,0.0,0.0,1.0,6,0,1
814,2023-08-14,0.0,0.0,0.0,0.0,0.0,-0.023105296459653,0.0417646892912608,0.0,0.0,0.0,0.0,0.0,0.0,1.0,0,1,0
822,2023-08-16,0.0,0.0,0.0,0.0,0.0,1.0475243045088154,0.0089963332467646,0.0,0.0,0.0,0.0,0.0,1.0,0.0,2,1,0
835,2023-08-18,1.0,0.0,0.0,0.0,0.0,1.1108557510201706,0.0030144646342876,0.0,0.0,0.0,0.0,0.0,1.0,0.0,4,1,0
836,2023-08-18,0.0,0.0,0.0,0.0,0.0,0.0668764195141908,0.0163870941328965,0.0,0.0,0.0,1.0,0.0,0.0,0.0,4,1,0
840,2023-08-19,1.0,0.0,0.0,0.0,0.0,0.5502187224549855,0.0,0.0,0.0,0.0,0.0,0.0,1.0,0.0,5,0,1
852,2023-08-21,1.0,0.0,0.0,0.0,0.0,1.008851895746781,0.0,0.0,0.0,0.0,0.0,0.0,1.0,0.0,0,1,0
853,2023-08-21,0.0,0.0,0.0,0.0,0.0,-0.0001908831847126,0.0178539000240466,0.0,0.0,0.0,1.0,0.0,0.0,0.0,0,1,0
857,2023-08-21,0.0,0.0,0.0,0.0,0.0,0.0393060467934,0.4407433947656908,0.0,0.0,0.0,0.0,0.0,0.0,1.0,0,1,0
858,2023-08-22,0.0,0.0,0.0,0.0,0.0,0.6470207447896767,0.0089963332467646,0.0,0.0,0.0,0.0,1.0,0.0,0.0,1,1,0
859,2023-08-22,0.0,0.0,0.0,0.0,0.0,0.0140608307450156,0.3535451563369742,0.0,0.0,0.0,0.0,0.0,0.0,1.0,1,1,0
860,2023-08-22,0.0,0.0,0.0,0.0,0.0,1.029836872252777,0.6754509286449539,0.0,0.0,0.0,0.0,0.0,1.0,0.0,1,1,0
862,2023-08-22,0.0,0.0,0.0,0.0,0.0,-0.0126330768143142,0.4077823800865508,0.0,0.0,0.0,1.0,0.0,0.0,0.0,1,1,0
863,2023-08-22,0.0,0.0,0.0,0.0,0.0,-1.2815505239239775,0.0854913022513213,0.0,0.0,1.0,0.0,0.0,0.0,0.0,1,1,0
864,2023-08-23,0.0,0.0,0.0,0.0,0.0,0.99776874921373,0.6679442309784224,0.0,0.0,0.0,0.0,0.0,1.0,0.0,2,1,0
865,2023-08-23,0.0,0.0,0.0,0.0,0.0,-0.0914112731730443,0.7938140726082081,0.0,0.0,0.0,1.0,0.0,0.0,0.0,2,1,0
866,2023-08-23,0.0,0.0,0.0,0.0,0.0,-1.3278681067707103,0.8150369021581423,0.0,0.0,1.0,0.0,0.0,0.0,0.0,2,1,0
867,2023-08-23,0.0,0.0,0.0,0.0,0.0,0.6098089876764458,0.4596032571719364,0.0,0.0,0.0,0.0,1.0,0.0,0.0,2,1,0
869,2023-08-23,0.0,0.0,0.0,0.0,0.0,-0.0647193391610471,0.5814653291348486,0.0,0.0,0.0,0.0,0.0,0.0,1.0,2,1,0
870,2023-08-24,0.0,0.0,0.0,0.0,0.0,1.0656663940331266,0.020776319533114,0.0,0.0,0.0,0.0,0.0,1.0,0.0,3,1,0
871,2023-08-24,0.0,0.0,0.0,0.0,0.0,-1.2508319404871109,0.4416779013904198,0.0,0.0,1.0,0.0,0.0,0.0,0.0,3,1,0
872,2023-08-24,0.0,0.0,0.0,0.0,0.0,0.0095982852156656,0.1953753956065558,0.0,0.0,0.0,1.0,0.0,0.0,0.0,3,1,0
873,2023-08-24,0.0,0.0,0.0,0.0,0.0,0.0369253295796938,0.0700948252094189,0.0,0.0,0.0,0.0,0.0,0.0,1.0,3,1,0
874,2023-08-24,0.0,0.0,0.0,0.0,0.0,0.6928074870639797,0.0119640617855746,0.0,0.0,0.0,0.0,1.0,0.0,0.0,3,1,0
880,2023-08-25,0.0,0.0,0.0,0.0,0.0,-1.109133989548844,0.0015092103145817,0.0,0.0,1.0,0.0,0.0,0.0,0.0,4,1,0
881,2023-08-25,0.0,0.0,0.0,0.0,0.0,0.1604332599332402,0.0030144646342876,0.0,0.0,0.0,0.0,0.0,0.0,1.0,4,1,0
890,2023-08-27,0.0,0.0,0.0,0.0,0.0,-1.8489273893495013,0.0015092103145817,0.0,0.0,1.0,0.0,0.0,0.0,0.0,6,0,1
892,2023-08-27,0.0,0.0,0.0,0.0,0.0,-0.4935489235414674,0.0040157799606411,0.0,0.0,0.0,0.0,0.0,0.0,1.0,6,0,1
894,2023-08-28,0.0,0.0,0.0,0.0,0.0,1.0084991983584106,0.2388532267862235,0.0,0.0,0.0,0.0,0.0,1.0,0.0,0,1,0
895,2023-08-28,0.0,0.0,0.0,0.0,0.0,0.0138693324918768,0.3458737075954392,0.0,0.0,0.0,1.0,0.0,0.0,0.0,0,1,0
896,2023-08-28,0.0,0.0,0.0,0.0,0.0,-1.2624298015358506,0.0464296555963676,0.0,0.0,1.0,0.0,0.0,0.0,0.0,0,1,0
897,2023-08-28,0.0,0.0,0.0,0.0,0.0,0.6617424522880815,0.4900081636196848,0.0,0.0,0.0,0.0,1.0,0.0,0.0,0,1,0
899,2023-08-28,0.0,0.0,0.0,0.0,0.0,0.0338140473687096,0.6231064129128652,0.0,0.0,0.0,0.0,0.0,0.0,1.0,0,1,0
900,2023-08-29,0.0,0.0,0.0,0.0,0.0,-0.0171959963209553,0.6248058938637214,0.0,0.0,0.0,1.0,0.0,0.0,0.0,1,1,0
901,2023-08-29,0.0,0.0,0.0,0.0,0.0,0.6821866228934039,0.4055493732773766,0.0,0.0,0.0,0.0,1.0,0.0,0.0,1,1,0
903,2023-08-29,0.0,0.0,0.0,0.0,0.0,0.0042501349257282,0.382210743573139,0.0,0.0,0.0,0.0,0.0,0.0,1.0,1,1,0
904,2023-08-29,0.0,0.0,0.0,0.0,0.0,1.0173531227324264,0.7690111159693185,0.0,0.0,0.0,0.0,0.0,1.0,0.0,1,1,0
905,2023-08-29,0.0,0.0,0.0,0.0,0.0,-1.290599927545696,0.4367546876973696,0.0,0.0,1.0,0.0,0.0,0.0,0.0,1,1,0
906,2023-08-30,0.0,0.0,0.0,0.0,0.0,1.091385896509096,0.0970927916619138,0.0,0.0,0.0,0.0,0.0,1.0,0.0,2,1,0
907,2023-08-30,0.0,0.0,0.0,0.0,0.0,0.0936711293290189,0.0119640617855746,0.0,0.0,0.0,1.0,0.0,0.0,0.0,2,1,0
908,2023-08-30,0.0,0.0,0.0,0.0,0.0,0.7450585632412949,0.126930889670642,0.0,0.0,0.0,0.0,1.0,0.0,0.0,2,1,0
909,2023-08-30,0.0,0.0,0.0,0.0,0.0,0.1303846155443246,0.0040157799606411,0.0,0.0,0.0,0.0,0.0,0.0,1.0,2,1,0
911,2023-08-30,0.0,0.0,0.0,0.0,0.0,-1.1905678268737054,0.2428273201152056,0.0,0.0,1.0,0.0,0.0,0.0,0.0,2,1,0
931,2023-09-03,0.0,0.0,0.0,0.0,0.0,0.118991008363012,0.0030144646342876,0.0,0.0,0.0,0.0,0.0,1.0,0.0,6,0,1
932,2023-09-03,0.0,0.0,0.0,0.0,0.0,-1.9180983882159977,0.0149165320125727,0.0,0.0,1.0,0.0,0.0,0.0,0.0,6,0,1
933,2023-09-03,0.0,0.0,0.0,0.0,0.0,-0.1121195098756772,0.03231950606593,0.0,0.0,0.0,0.0,1.0,0.0,0.0,6,0,1
936,2023-09-04,0.0,0.0,0.0,0.0,0.0,0.117130404345973,0.0408271312149753,0.0,0.0,0.0,0.0,0.0,0.0,1.0,0,1,0
937,2023-09-04,0.0,0.0,0.0,0.0,0.0,0.1267090124931009,0.3516368804963613,0.0,0.0,0.0,1.0,0.0,0.0,0.0,0,1,0
938,2023-09-04,0.0,0.0,0.0,0.0,0.0,1.090898248920911,0.0030144646342876,0.0,0.0,0.0,0.0,0.0,1.0,0.0,0,1,0
941,2023-09-04,0.0,0.0,0.0,0.0,0.0,-1.1566516723667155,0.010482114655602,0.0,0.0,1.0,0.0,0.0,0.0,0.0,0,1,0
990,2023-09-13,0.0,0.0,0.0,0.0,0.0,1.13479555086264,0.3491740281401674,0.0,0.0,0.0,0.0,0.0,1.0,0.0,2,1,0
991,2023-09-13,0.0,0.0,0.0,0.0,0.0,0.129633864144035,0.2070844131878896,0.0,0.0,0.0,1.0,0.0,0.0,0.0,2,1,0
992,2023-09-13,0.0,0.0,0.0,0.0,0.0,-1.1910504568231273,0.5880158282329111,0.0,0.0,1.0,0.0,0.0,0.0,0.0,2,1,0
993,2023-09-13,0.0,0.0,0.0,0.0,0.0,0.7984794570300304,0.5977035701673048,0.0,0.0,0.0,0.0,1.0,0.0,0.0,2,1,0
995,2023-09-13,0.0,0.0,0.0,0.0,0.0,0.099272847193267,0.2667445699884149,0.0,0.0,0.0,0.0,0.0,0.0,1.0,2,1,0
998,2023-09-14,0.0,0.0,0.0,0.0,0.0,-1.132135987075764,0.0089963332467646,0.0,0.0,1.0,0.0,0.0,0.0,0.0,3,1,0
999,2023-09-14,0.0,0.0,0.0,0.0,0.0,0.854255141192871,0.0030144646342876,0.0,0.0,0.0,0.0,1.0,0.0,0.0,3,1,0
1002,2023-09-15,0.0,0.0,0.0,0.0,0.0,0.1096991153232432,0.0134421943756025,0.0,0.0,0.0,1.0,0.0,0.0,0.0,4,1,0
1003,2023-09-15,0.0,0.0,0.0,0.0,0.0,-1.1708671429894797,0.2185594473858378,0.0,0.0,1.0,0.0,0.0,0.0,0.0,4,1,0
1004,2023-09-15,0.0,0.0,0.0,0.0,0.0,1.1746097490680327,0.0574733458429802,0.0,0.0,0.0,0.0,0.0,1.0,0.0,4,1,0
1005,2023-09-15,0.0,0.0,0.0,0.0,0.0,0.7889188320135184,0.1341543081104313,0.0,0.0,0.0,0.0,1.0,0.0,0.0,4,1,0
1006,2023-09-15,0.0,0.0,0.0,0.0,0.0,0.1599661023252312,0.055647416819183,0.0,0.0,0.0,0.0,0.0,0.0,1.0,4,1,0
1008,2023-09-16,0.0,0.0,0.0,0.0,0.0,0.6696542859707033,0.5393306679325581,0.0,0.0,0.0,0.0,0.0,1.0,0.0,5,0,1
1009,2023-09-16,0.0,0.0,0.0,0.0,0.0,-0.3338829407058054,0.0696488025119162,0.0,0.0,0.0,1.0,0.0,0.0,0.0,5,0,1
1010,2023-09-16,0.0,0.0,0.0,0.0,0.0,-1.5502132337284589,0.2438165610043975,0.0,0.0,1.0,0.0,0.0,0.0,0.0,5,0,1
1011,2023-09-16,0.0,0.0,0.0,0.0,0.0,0.2548382451551637,0.102174720351476,0.0,0.0,0.0,0.0,1.0,0.0,0.0,5,0,1
1013,2023-09-16,0.0,0.0,0.0,0.0,0.0,-0.1366761272584635,0.2993569448022165,0.0,0.0,0.0,0.0,0.0,0.0,1.0,5,0,1
1014,2023-09-17,0.0,0.0,0.0,0.0,0.0,0.1835876498385227,0.2185594473858378,0.0,0.0,0.0,0.0,0.0,1.0,0.0,6,0,1
1015,2023-09-17,0.0,0.0,0.0,0.0,0.0,-0.7671905695368633,0.0574733458429802,0.0,0.0,0.0,1.0,0.0,0.0,0.0,6,0,1
1016,2023-09-17,0.0,0.0,0.0,0.0,0.0,-1.9467477731209315,0.0736505900944383,0.0,0.0,1.0,0.0,0.0,0.0,0.0,6,0,1
1019,2023-09-17,0.0,0.0,0.0,0.0,0.0,-0.476179748814607,0.0611078781918315,0.0,0.0,0.0,0.0,0.0,0.0,1.0,6,0,1
1020,2023-09-18,0.0,0.0,0.0,0.0,0.0,0.1234506844158987,0.0222319709948498,0.0,0.0,0.0,1.0,0.0,0.0,0.0,0,1,0
1022,2023-09-18,0.0,0.0,0.0,0.0,0.0,-1.176297131358461,0.0015092103145817,0.0,0.0,1.0,0.0,0.0,0.0,0.0,0,1,0
1025,2023-09-18,0.0,0.0,0.0,0.0,0.0,0.1197066403031602,0.0256142099343179,0.0,0.0,0.0,0.0,0.0,0.0,1.0,0,1,0
1032,2023-09-20,0.0,0.0,0.0,0.0,0.0,1.112464379654859,0.603015857765684,0.0,0.0,0.0,0.0,0.0,1.0,0.0,2,1,0
1033,2023-09-20,0.0,0.0,0.0,0.0,0.0,-1.2106440769554323,0.6879001221241099,0.0,0.0,1.0,0.0,0.0,0.0,0.0,2,1,0
1034,2023-09-20,0.0,0.0,0.0,0.0,0.0,0.0752093276191463,0.081571463180414,0.0,0.0,0.0,1.0,0.0,0.0,0.0,2,1,0
1035,2023-09-20,0.0,0.0,0.0,0.0,0.0,0.7588799589721383,0.6155683617919203,0.0,0.0,0.0,0.0,1.0,0.0,0.0,2,1,0
1036,2023-09-20,0.0,0.0,0.0,0.0,0.0,0.0511111083729143,0.322799146369692,0.0,0.0,0.0,0.0,0.0,0.0,1.0,2,1,0
1038,2023-09-21,0.0,0.0,0.0,0.0,0.0,0.1676126956921314,0.0010065807908815,0.0,0.0,0.0,0.0,0.0,0.0,1.0,3,1,0
1062,2023-09-25,0.0,0.0,0.0,0.0,0.0,-1.1065023416028066,0.0365890736459208,0.0,0.0,1.0,0.0,0.0,0.0,0.0,0,1,0
1063,2023-09-25,0.0,0.0,0.0,0.0,0.0,1.1290279862063364,0.0294553894346391,0.0,0.0,0.0,0.0,0.0,1.0,0.0,0,1,0
1064,2023-09-25,0.0,0.0,0.0,0.0,0.0,0.166204249096847,0.0149165320125727,0.0,0.0,0.0,1.0,0.0,0.0,0.0,0,1,0
1067,2023-09-25,0.0,0.0,0.0,0.0,0.0,0.1423474433385084,0.020776319533114,0.0,0.0,0.0,0.0,0.0,0.0,1.0,0,1,0
1068,2023-09-26,0.0,0.0,0.0,0.0,0.0,1.1561711519987814,0.3540892153015599,0.0,0.0,0.0,0.0,0.0,1.0,0.0,1,1,0
1069,2023-09-26,0.0,0.0,0.0,0.0,0.0,-1.1976724218939208,0.321361713343394,0.0,0.0,1.0,0.0,0.0,0.0,0.0,1,1,0
1070,2023-09-26,0.0,0.0,0.0,0.0,0.0,0.1171557936070186,0.0854913022513214,0.0,0.0,0.0,1.0,0.0,0.0,0.0,1,1,0
1071,2023-09-26,0.0,0.0,0.0,0.0,0.0,0.8036327774977428,0.3796158263959299,0.0,0.0,0.0,0.0,1.0,0.0,0.0,1,1,0
1072,2023-09-26,0.0,0.0,0.0,0.0,0.0,0.0704194431462457,0.1522116351776503,0.0,0.0,0.0,0.0,0.0,0.0,1.0,1,1,0
1074,2023-09-27,0.0,0.0,0.0,0.0,0.0,1.114629555701362,0.0408271312149752,0.0,0.0,0.0,0.0,0.0,1.0,0.0,2,1,0
1075,2023-09-27,0.0,0.0,0.0,0.0,0.0,-1.0590019310014231,0.1598889446351384,0.0,0.0,1.0,0.0,0.0,0.0,0.0,2,1,0
1076,2023-09-27,0.0,0.0,0.0,0.0,0.0,0.1905391787571689,0.010482114655602,0.0,0.0,0.0,1.0,0.0,0.0,0.0,2,1,0
1077,2023-09-27,0.0,0.0,0.0,0.0,0.0,0.8363581164347412,0.1483341444553669,0.0,0.0,0.0,0.0,1.0,0.0,0.0,2,1,0
1079,2023-09-27,0.0,0.0,0.0,0.0,0.0,0.1917887226651292,0.019803831249614,0.0,0.0,0.0,0.0,0.0,0.0,1.0,2,1,0
1092,2023-09-30,0.0,0.0,0.0,0.0,0.0,-0.1932932760393872,0.1146861998719379,0.0,0.0,0.0,0.0,0.0,1.0,0.0,5,0,1
1093,2023-09-30,0.0,0.0,0.0,0.0,0.0,-1.9390636655557043,0.0089963332467646,0.0,0.0,1.0,0.0,0.0,0.0,0.0,5,0,1
1094,2023-09-30,0.0,0.0,0.0,0.0,0.0,-0.4881926977961051,0.0178539000240466,0.0,0.0,0.0,0.0,1.0,0.0,0.0,5,0,1
1095,2023-09-30,0.0,0.0,0.0,0.0,0.0,-0.863423202844102,0.0075066976665316,0.0,0.0,0.0,1.0,0.0,0.0,0.0,5,0,1
1097,2023-09-30,0.0,0.0,0.0,0.0,0.0,-0.5851190659187808,0.2219919393399259,0.0,0.0,0.0,0.0,0.0,0.0,1.0,5,0,1
1116,2023-10-04,0.0,0.0,0.0,0.0,0.0,0.1197183905111516,0.2755407580739056,0.0,0.0,0.0,1.0,0.0,0.0,0.0,2,1,0
1117,2023-10-04,0.0,0.0,0.0,0.0,0.0,1.0811434844864218,0.3290814528206294,0.0,0.0,0.0,0.0,0.0,1.0,0.0,2,1,0
1118,2023-10-04,0.0,0.0,0.0,0.0,0.0,0.1245816432845701,0.1830565367158318,0.0,0.0,0.0,0.0,0.0,0.0,1.0,2,1,0
1119,2023-10-04,0.0,0.0,0.0,0.0,0.0,-1.1487214083041362,0.3499961531111741,0.0,0.0,1.0,0.0,0.0,0.0,0.0,2,1,0
1120,2023-10-04,0.0,0.0,0.0,0.0,0.0,0.8069401231871398,0.0629165543143021,0.0,0.0,0.0,0.0,1.0,0.0,0.0,2,1,0
1145,2023-10-08,0.0,0.0,0.0,0.0,0.0,-0.3827543884358882,0.0020114002846415,0.0,0.0,0.0,0.0,0.0,0.0,1.0,6,0,1
1147,2023-10-09,0.0,0.0,0.0,0.0,0.0,0.2341362064920351,0.0351694086604097,0.0,0.0,0.0,0.0,0.0,1.0,0.0,0,1,0
1148,2023-10-09,0.0,0.0,0.0,0.0,0.0,0.0090255567348224,0.0436352257795747,0.0,0.0,0.0,0.0,1.0,0.0,0.0,0,1,0
1150,2023-10-09,0.0,0.0,0.0,0.0,0.0,-1.7669868184913615,0.0030144646342876,0.0,0.0,1.0,0.0,0.0,0.0,0.0,0,1,0
1151,2023-10-09,0.0,0.0,0.0,0.0,0.0,-0.4549269377769384,0.1253132711526454,0.0,0.0,0.0,0.0,0.0,0.0,1.0,0,1,0
1176,2023-10-14,0.0,0.0,0.0,0.0,0.0,0.6483727159978642,0.1529840013924919,0.0,0.0,0.0,0.0,0.0,1.0,0.0,5,0,1
1177,2023-10-14,0.0,0.0,0.0,0.0,0.0,-0.2770662711814583,0.0776246834234204,0.0,0.0,0.0,1.0,0.0,0.0,0.0,5,0,1
1178,2023-10-14,0.0,0.0,0.0,0.0,0.0,-1.4859369984087116,0.070985832671595,0.0,0.0,1.0,0.0,0.0,0.0,0.0,5,0,1
1179,2023-10-14,0.0,0.0,0.0,0.0,0.0,-0.1136931270829138,0.1659577376476138,0.0,0.0,0.0,0.0,0.0,0.0,1.0,5,0,1
1181,2023-10-14,0.0,0.0,0.0,0.0,0.0,0.348395152350536,0.1483341444553668,0.0,0.0,0.0,0.0,1.0,0.0,0.0,5,0,1
1195,2023-10-17,0.0,0.0,0.0,0.0,0.0,0.1947059471102163,0.0,0.0031155318736223,0.0,0.0,1.0,0.0,0.0,0.0,1,1,0
1205,2023-10-18,0.0,0.0,0.0,0.0,0.0,0.1836669663818267,0.0217471637105326,0.0,0.0,0.0,0.0,0.0,0.0,1.0,2,1,0
1206,2023-10-19,0.0,0.0,0.0,0.0,0.0,1.1245322844783694,0.2060297679067604,0.0,0.0,0.0,0.0,0.0,1.0,0.0,3,1,0
1207,2023-10-19,0.0,0.0,0.0,0.0,0.0,-1.1517087565175994,0.3082602889476257,0.0,0.0,1.0,0.0,0.0,0.0,0.0,3,1,0
1208,2023-10-19,0.0,0.0,0.0,0.0,0.0,0.1359820896779661,0.0958152512147264,0.0,0.0,0.0,1.0,0.0,0.0,0.0,3,1,0
1209,2023-10-19,0.0,0.0,0.0,0.0,0.0,0.8262489876023161,0.4703624326782085,0.0,0.0,0.0,0.0,1.0,0.0,0.0,3,1,0
1211,2023-10-19,0.0,0.0,0.0,0.0,0.0,0.1138598846881187,0.1975221427577152,0.0,0.0,0.0,0.0,0.0,0.0,1.0,3,1,0
1218,2023-10-21,0.0,0.0,0.0,0.0,0.0,0.7560433050157653,0.03231950606593,0.0,0.0,0.0,0.0,0.0,1.0,0.0,5,0,1
1219,2023-10-21,0.0,0.0,0.0,0.0,0.0,-0.1445755013823431,0.0265769162690366,0.0,0.0,0.0,1.0,0.0,0.0,0.0,5,0,1
1220,2023-10-21,0.0,0.0,0.0,0.0,0.0,-1.3211751579682185,0.0265769162690366,0.0,0.0,1.0,0.0,0.0,0.0,0.0,5,0,1
1221,2023-10-21,0.0,0.0,0.0,0.0,0.0,0.516974843258409,0.0683086520923263,0.0,0.0,0.0,0.0,1.0,0.0,0.0,5,0,1
1222,2023-10-21,0.0,0.0,0.0,0.0,0.0,-0.0467566550238827,0.0454996890867846,0.0,0.0,0.0,0.0,0.0,0.0,1.0,5,0,1
1251,2023-10-26,0.0,0.0,0.0,0.0,0.0,0.1672310460244173,0.3516368804963613,0.0,0.0,0.0,1.0,0.0,0.0,0.0,3,1,0
1253,2023-10-26,0.0,0.0,0.0,0.0,0.0,-1.1069084793269657,0.3011486910113862,0.0031155318736223,0.0,1.0,0.0,0.0,0.0,0.0,3,1,0
1258,2023-10-27,0.0,0.0,0.0,0.0,0.0,-1.0203572031685015,0.0075066976665316,0.0,0.0,1.0,0.0,0.0,0.0,0.0,4,1,0
1287,2023-11-01,0.0,0.0,0.0,0.0,0.0,0.1191357801067359,0.0251322508677009,0.0,0.0,0.0,1.0,0.0,0.0,0.0,2,1,0
1296,2023-11-03,0.0,0.0,0.0,0.0,0.0,1.1909797415126198,0.2123287801772503,0.0,0.0,0.0,0.0,0.0,1.0,0.0,4,1,0
1297,2023-11-03,0.0,0.0,0.0,0.0,0.0,-1.069490775158638,0.0149165320125727,0.0,0.0,1.0,0.0,0.0,0.0,0.0,4,1,0
1298,2023-11-03,0.0,0.0,0.0,0.0,0.0,0.1847841981249424,0.0602013994019213,0.0,0.0,0.0,1.0,0.0,0.0,0.0,4,1,0
1299,2023-11-03,0.0,0.0,0.0,0.0,0.0,0.8746551995369044,0.0574733458429802,0.0,0.0,0.0,0.0,1.0,0.0,0.0,4,1,0
1300,2023-11-03,0.0,0.0,0.0,0.0,0.0,0.2000528658121506,0.0010065807908815,0.0,0.0,0.0,0.0,0.0,0.0,1.0,4,1,0
1308,2023-11-05,0.0,0.0,0.0,0.0,0.0,0.1522060961546744,0.2206214036197666,0.0,0.0,0.0,0.0,0.0,1.0,0.0,6,0,1
1309,2023-11-05,0.0,0.0,0.0,0.0,0.0,-0.7864230781526057,0.1823236020992127,0.0,0.0,0.0,1.0,0.0,0.0,0.0,6,0,1
1310,2023-11-05,0.0,0.0,0.0,0.0,0.0,-1.902402477137934,0.4602816437767201,0.0,0.0,1.0,0.0,0.0,0.0,0.0,6,0,1
1311,2023-11-05,0.0,0.0,0.0,0.0,0.0,-0.1858294679046546,0.443076816075321,0.0,0.0,0.0,0.0,1.0,0.0,0.0,6,0,1
1312,2023-11-05,0.0,0.0,0.0,0.0,0.0,-0.6323583772973568,0.446790679911796,0.0,0.0,0.0,0.0,0.0,0.0,1.0,6,0,1
1315,2023-11-06,0.0,0.0,0.0,0.0,1.0,0.0417496243656636,0.5641890334585996,0.0,0.0,0.0,1.0,0.0,0.0,0.0,0,1,0
1316,2023-11-06,0.0,0.0,0.0,0.0,0.0,0.0301677580291082,0.3754394138480463,0.0,0.0,0.0,0.0,0.0,0.0,1.0,0,1,0
1317,2023-11-06,0.0,0.0,0.0,0.0,1.0,1.0540536486301595,0.5297992591766073,0.0,0.0,0.0,0.0,0.0,1.0,0.0,0,1,0
1318,2023-11-06,0.0,0.0,0.0,0.0,0.0,0.729700073950712,0.6707707544576482,0.0,0.0,0.0,0.0,1.0,0.0,0.0,0,1,0
1319,2023-11-06,0.0,0.0,0.0,0.0,1.0,-1.2297097441106943,0.6462898524622508,0.0,0.0,1.0,0.0,0.0,0.0,0.0,0,1,0
1320,2023-11-07,0.0,0.0,0.0,0.0,1.0,1.1454485040538287,0.0996393776275717,0.0,0.0,0.0,0.0,0.0,1.0,0.0,1,1,0
1321,2023-11-07,0.0,0.0,0.0,0.0,1.0,0.1449682126549742,0.0,0.0,0.0,0.0,1.0,0.0,0.0,0.0,1,1,0
1322,2023-11-07,0.0,0.0,0.0,0.0,0.0,0.8204979882075016,0.0089963332467646,0.0,0.0,0.0,0.0,1.0,0.0,0.0,1,1,0
1323,2023-11-07,0.0,0.0,0.0,0.0,1.0,-1.1448652605588163,0.0505959679042712,0.0,0.0,1.0,0.0,0.0,0.0,0.0,1,1,0
1325,2023-11-07,0.0,0.0,0.0,0.0,0.0,0.1128837925397114,0.0246498869635172,0.0,0.0,0.0,0.0,0.0,0.0,1.0,1,1,0
1332,2023-11-09,0.0,0.0,0.0,0.0,0.0,1.1302247581894151,0.136542062877686,0.0,0.0,0.0,0.0,0.0,1.0,0.0,3,1,0
1333,2023-11-09,0.0,0.0,0.0,0.0,0.0,0.1206157401582613,0.204973182154839,0.0,0.0,0.0,1.0,0.0,0.0,0.0,3,1,0
1335,2023-11-09,0.0,0.0,0.0,0.0,0.0,0.1138181566030831,0.1163339892211075,0.0,0.0,0.0,0.0,0.0,0.0,1.0,3,1,0
1337,2023-11-09,0.0,0.0,0.0,0.0,0.0,-1.1534558087305269,0.0089963332467646,0.0,0.0,1.0,0.0,0.0,0.0,0.0,3,1,0
1373,2023-11-15,0.0,0.0,0.0,0.0,0.0,0.1567138636930203,0.0020114002846415,0.0,0.0,0.0,0.0,0.0,0.0,1.0,2,1,0
1374,2023-11-16,0.0,0.0,0.0,0.0,0.0,1.1119320664269603,0.2102367771562611,0.0,0.0,0.0,0.0,0.0,1.0,0.0,3,1,0
1375,2023-11-16,0.0,0.0,0.0,0.0,0.0,0.7583923739601789,0.2506939389431066,0.0,0.0,0.0,0.0,1.0,0.0,0.0,3,1,0
1376,2023-11-16,0.0,0.0,0.0,0.0,0.0,0.0534063515667292,0.2133719306805664,0.0,0.0,0.0,1.0,0.0,0.0,0.0,3,1,0
1377,2023-11-16,0.0,0.0,0.0,0.0,0.0,-1.2174167457141198,0.1424683713481364,0.0,0.0,1.0,0.0,0.0,0.0,0.0,3,1,0
1379,2023-11-16,0.0,0.0,0.0,0.0,0.0,0.0421876398130404,0.2388532267862235,0.0,0.0,0.0,0.0,0.0,0.0,1.0,3,1,0
1381,2023-11-17,0.0,0.0,0.0,0.0,0.0,-1.085930485035608,0.0030144646342876,0.0,0.0,1.0,0.0,0.0,0.0,0.0,4,1,0
1382,2023-11-17,0.0,0.0,0.0,0.0,0.0,0.8627301616384884,0.0436352257795747,0.0020797410571947,0.0,0.0,0.0,1.0,0.0,0.0,4,1,0
1384,2023-11-17,0.0,0.0,0.0,0.0,0.0,0.17081721213645,0.03231950606593,0.0034601945848945,0.0,0.0,0.0,0.0,0.0,1.0,4,1,0
1386,2023-11-18,0.0,0.0,0.0,0.0,0.0,-0.2983308083277028,0.0,0.0010412351896505,0.0,0.0,1.0,0.0,0.0,0.0,5,0,1
1388,2023-11-18,0.0,0.0,0.0,0.0,0.0,-0.1894427161981948,0.0,0.0013877063631269,0.0,0.0,0.0,0.0,0.0,1.0,5,0,1
1416,2023-11-23,0.0,0.0,1.0,1.0,1.0,1.1661814314407293,0.0030144646342876,0.0,0.0,0.0,0.0,0.0,1.0,0.0,3,1,0
1417,2023-11-23,0.0,0.0,0.0,0.0,1.0,0.160049517472723,0.0,0.0,0.0,0.0,1.0,0.0,0.0,0.0,3,1,0
1418,2023-11-23,0.0,0.0,1.0,1.0,0.0,-1.1229758875069138,0.0060131878671635,0.0,0.0,1.0,0.0,0.0,0.0,0.0,3,1,0
1419,2023-11-23,0.0,0.0,1.0,1.0,1.0,0.8406076362183792,0.0,0.0,0.0,0.0,0.0,1.0,0.0,0.0,3,1,0
1420,2023-11-23,0.0,0.0,1.0,1.0,1.0,-0.0605711806201944,0.0,0.0,1.0,0.0,0.0,0.0,0.0,0.0,3,1,0
1421,2023-11-23,0.0,0.0,1.0,1.0,1.0,0.1385460207587217,0.0,0.0,0.0,0.0,0.0,0.0,0.0,1.0,3,1,0
1422,2023-11-24,0.0,0.0,0.0,0.0,1.0,1.2006378568531615,0.0,0.0,0.0,0.0,0.0,0.0,1.0,0.0,4,1,0
1423,2023-11-24,0.0,0.0,0.0,0.0,1.0,0.1497009242338169,0.0,0.0,0.0,0.0,1.0,0.0,0.0,0.0,4,1,0
1425,2023-11-24,0.0,0.0,0.0,0.0,1.0,0.8822965508444364,0.0,0.0,0.0,0.0,0.0,1.0,0.0,0.0,4,1,0
1426,2023-11-24,0.0,0.0,0.0,0.0,1.0,-0.0599874748817913,0.0,0.0,1.0,0.0,0.0,0.0,0.0,0.0,4,1,0
1427,2023-11-24,0.0,0.0,0.0,0.0,1.0,0.1683501720171474,0.0,0.0,0.0,0.0,0.0,0.0,0.0,1.0,4,1,0
1439,2023-11-26,0.0,0.0,0.0,0.0,0.0,-0.5593265884819684,0.0902461627898591,0.0,0.0,0.0,0.0,0.0,0.0,1.0,6,0,1
1440,2023-11-27,0.0,0.0,0.0,0.0,0.0,1.073226768891557,0.0763030391250408,0.0,0.0,0.0,0.0,0.0,1.0,0.0,0,1,0
1441,2023-11-27,0.0,0.0,0.0,0.0,0.0,0.7686374961493136,0.0656189319798242,0.0,0.0,0.0,0.0,1.0,0.0,0.0,0,1,0
1442,2023-11-27,0.0,0.0,0.0,0.0,0.0,-1.2184210318405309,0.1401051820288424,0.0,0.0,1.0,0.0,0.0,0.0,0.0,0,1,0
1443,2023-11-27,0.0,0.0,0.0,0.0,0.0,0.0697322490354818,0.1245027499254062,0.0,0.0,0.0,1.0,0.0,0.0,0.0,0,1,0
1445,2023-11-27,0.0,0.0,0.0,0.0,0.0,0.0584230633818246,0.161412166202417,0.0,0.0,0.0,0.0,0.0,0.0,1.0,0,1,0
1452,2023-11-29,0.0,0.0,0.0,0.0,0.0,0.1177673526324791,0.0075066976665316,0.0,0.0,0.0,1.0,0.0,0.0,0.0,2,1,0
1454,2023-11-29,0.0,0.0,0.0,0.0,0.0,-1.1467191715051577,0.0119640617855746,0.0,0.0,1.0,0.0,0.0,0.0,0.0,2,1,0
1455,2023-11-29,0.0,0.0,0.0,0.0,0.0,0.8401618006173966,0.0060131878671635,0.0,0.0,0.0,0.0,1.0,0.0,0.0,2,1,0
1457,2023-11-29,0.0,0.0,0.0,0.0,0.0,0.1075138351920954,0.0473581185216093,0.0808284091361763,0.0,0.0,0.0,0.0,0.0,1.0,2,1,0
1469,2023-12-01,0.0,0.0,0.0,0.0,0.0,0.1291011976146874,0.0010065807908815,0.0,0.0,0.0,0.0,0.0,0.0,1.0,4,1,0
1475,2023-12-02,0.0,0.0,0.0,0.0,0.0,-0.1434397594349533,0.0020114002846415,0.0,0.0,0.0,0.0,0.0,0.0,1.0,5,0,1
1481,2023-12-03,0.0,0.0,0.0,0.0,0.0,-1.896498191115069,0.0030144646342876,0.0,0.0,1.0,0.0,0.0,0.0,0.0,6,0,1
1494,2023-12-06,0.0,0.0,0.0,0.0,0.0,0.8016676253803414,0.0492105530123595,0.0,0.0,0.0,0.0,1.0,0.0,0.0,2,1,0
1495,2023-12-06,0.0,0.0,0.0,0.0,0.0,0.1021847489366115,0.0436352257795747,0.0,0.0,0.0,1.0,0.0,0.0,0.0,2,1,0
1496,2023-12-06,0.0,0.0,0.0,0.0,0.0,-1.1855574478717184,0.204973182154839,0.0,0.0,1.0,0.0,0.0,0.0,0.0,2,1,0
1497,2023-12-06,0.0,0.0,0.0,0.0,0.0,1.124707167363563,0.1046989186757921,0.0,0.0,0.0,0.0,0.0,1.0,0.0,2,1,0
1499,2023-12-06,0.0,0.0,0.0,0.0,0.0,0.0701453595678325,0.0284975006484556,0.0,0.0,0.0,0.0,0.0,0.0,1.0,2,1,0
1524,2023-12-11,0.0,0.0,0.0,0.0,0.0,1.0527864608977002,0.262295428353699,0.0,0.0,0.0,0.0,0.0,1.0,0.0,0,1,0
1525,2023-12-11,0.0,0.0,0.0,0.0,0.0,-1.2471782143389525,0.2661110848782092,0.0,0.0,1.0,0.0,0.0,0.0,0.0,0,1,0
1526,2023-12-11,0.0,0.0,0.0,0.0,0.0,0.0147439139701966,0.3358573921351031,0.0,0.0,0.0,1.0,0.0,0.0,0.0,0,1,0
1527,2023-12-11,0.0,0.0,0.0,0.0,0.0,0.7182206183546915,0.304715498715389,0.0,0.0,0.0,0.0,1.0,0.0,0.0,0,1,0
1528,2023-12-11,0.0,0.0,0.0,0.0,0.0,-0.0175146597004439,0.4119767365639843,0.0,0.0,0.0,0.0,0.0,0.0,1.0,0,1,0
1530,2023-12-12,0.0,0.0,0.0,0.0,0.0,1.1499558785381148,0.0236839419179896,0.0,0.0,0.0,0.0,0.0,1.0,0.0,1,1,0
1531,2023-12-12,0.0,0.0,0.0,0.0,0.0,0.8299996021505895,0.0089963332467646,0.0,0.0,0.0,0.0,1.0,0.0,0.0,1,1,0
1532,2023-12-12,0.0,0.0,0.0,0.0,0.0,0.1378110429561769,0.0365890736459208,0.0,0.0,0.0,1.0,0.0,0.0,0.0,1,1,0
1533,2023-12-12,0.0,0.0,0.0,0.0,0.0,-1.1360637497223591,0.0163870941328965,0.0,0.0,1.0,0.0,0.0,0.0,0.0,1,1,0
1535,2023-12-12,0.0,0.0,0.0,0.0,0.0,0.107739435813317,0.0119640617855746,0.0,0.0,0.0,0.0,0.0,0.0,1.0,1,1,0
1542,2023-12-14,0.0,0.0,0.0,0.0,0.0,0.8322363568762677,0.2565239808370495,0.0,0.0,0.0,0.0,1.0,0.0,0.0,3,1,0
1543,2023-12-14,0.0,0.0,0.0,0.0,0.0,1.1547756170907186,0.2467740998721992,0.0,0.0,0.0,0.0,0.0,1.0,0.0,3,1,0
1544,2023-12-14,0.0,0.0,0.0,0.0,0.0,0.0890427330714564,0.2912241766962916,0.0,0.0,0.0,1.0,0.0,0.0,0.0,3,1,0
1545,2023-12-14,0.0,0.0,0.0,0.0,0.0,-1.164001152075885,0.2467740998721992,0.0,0.0,1.0,0.0,0.0,0.0,0.0,3,1,0
1546,2023-12-14,0.0,0.0,0.0,0.0,0.0,0.054407799742723,0.335857392135103,0.0,0.0,0.0,0.0,0.0,0.0,1.0,3,1,0
1548,2023-12-15,0.0,0.0,0.0,0.0,0.0,0.1203549942669167,0.3889031586493716,0.0,0.0,0.0,1.0,0.0,0.0,0.0,4,1,0
1549,2023-12-15,0.0,0.0,0.0,0.0,0.0,1.197284730804914,0.534584738488531,0.0,0.0,0.0,0.0,0.0,1.0,0.0,4,1,0
1550,2023-12-15,0.0,0.0,0.0,0.0,0.0,0.8499100082669383,0.5636229868931366,0.0,0.0,0.0,0.0,1.0,0.0,0.0,4,1,0
1551,2023-12-15,0.0,0.0,0.0,0.0,0.0,0.1258433642812985,0.3419992067682129,0.0,0.0,0.0,0.0,0.0,0.0,1.0,4,1,0
1553,2023-12-15,0.0,0.0,0.0,0.0,0.0,-1.1281255787353373,0.6003658567816427,0.0,0.0,1.0,0.0,0.0,0.0,0.0,4,1,0
1554,2023-12-16,0.0,0.0,0.0,0.0,1.0,-0.1698347125659386,0.0380052376044868,0.0020797410571947,0.0,0.0,1.0,0.0,0.0,0.0,5,0,1
1555,2023-12-16,0.0,0.0,0.0,0.0,1.0,0.779956866430606,0.070985832671595,0.0858970040014108,0.0,0.0,0.0,0.0,1.0,0.0,5,0,1
1556,2023-12-16,0.0,0.0,0.0,0.0,1.0,0.4660972396295855,0.1529840013924919,0.4872929201100884,0.0,0.0,0.0,1.0,0.0,0.0,5,0,1
1557,2023-12-16,0.0,0.0,0.0,0.0,1.0,-0.1095035231717215,0.0119640617855746,0.0728127359245362,0.0,0.0,0.0,0.0,0.0,1.0,5,0,1
1558,2023-12-16,0.0,0.0,0.0,0.0,1.0,-0.303768633276725,0.0,0.0,1.0,0.0,0.0,0.0,0.0,0.0,5,0,1
1559,2023-12-16,0.0,0.0,0.0,0.0,1.0,-1.4162981515067532,0.0802588815937133,0.0508130546179789,0.0,1.0,0.0,0.0,0.0,0.0,5,0,1
1560,2023-12-17,0.0,0.0,0.0,0.0,1.0,-0.6264675892120506,0.0080036723355122,0.1262944639872211,0.0,0.0,0.0,0.0,0.0,1.0,6,0,1
1561,2023-12-17,0.0,0.0,0.0,0.0,2.0,-0.7832828592776886,0.0,0.0,0.0,0.0,1.0,0.0,0.0,0.0,6,0,1
1562,2023-12-17,0.0,0.0,0.0,0.0,1.0,0.132589770411967,0.0,0.0,0.0,0.0,0.0,0.0,1.0,0.0,6,0,1
1563,2023-12-17,0.0,0.0,0.0,0.0,1.0,-0.1655833015827862,0.0,0.2553918994700491,0.0,0.0,0.0,1.0,0.0,0.0,6,0,1
1564,2023-12-17,0.0,0.0,0.0,0.0,2.0,-2.002969157719329,0.0,0.0,0.0,1.0,0.0,0.0,0.0,0.0,6,0,1
1565,2023-12-17,0.0,0.0,0.0,0.0,1.0,-0.8411190010492361,0.0,0.0,1.0,0.0,0.0,0.0,0.0,0.0,6,0,1
1566,2023-12-18,0.0,0.0,0.0,0.0,2.0,-1.2511442470934586,0.0,0.0,0.0,1.0,0.0,0.0,0.0,0.0,0,1,0
1567,2023-12-18,0.0,0.0,0.0,0.0,1.0,1.0660911769291816,0.0,0.0,0.0,0.0,0.0,0.0,1.0,0.0,0,1,0
1568,2023-12-18,0.0,0.0,0.0,0.0,1.0,0.7051061361512028,0.0,0.2328750586515404,0.0,0.0,0.0,1.0,0.0,0.0,0,1,0
1569,2023-12-18,0.0,0.0,0.0,0.0,2.0,-0.0301268725571732,0.0,0.0,0.0,0.0,1.0,0.0,0.0,0.0,0,1,0
1570,2023-12-18,0.0,0.0,0.0,0.0,1.0,-0.2606765723349494,0.0,0.0,1.0,0.0,0.0,0.0,0.0,0.0,0,1,0
1571,2023-12-18,0.0,0.0,0.0,0.0,1.0,0.0033052779449821,0.0109765220853375,0.2995351531752175,0.0,0.0,0.0,0.0,0.0,1.0,0,1,0
1572,2023-12-19,0.0,0.0,0.0,0.0,0.0,1.152968713047271,0.0,0.0163400379101473,0.0,0.0,0.0,0.0,1.0,0.0,1,1,0
1574,2023-12-19,0.0,0.0,0.0,0.0,1.0,-1.175893464032464,0.0,0.0,0.0,1.0,0.0,0.0,0.0,0.0,1,1,0
1575,2023-12-19,0.0,0.0,0.0,0.0,0.0,0.800723941097975,0.0,0.1550411760090555,0.0,0.0,0.0,1.0,0.0,0.0,1,1,0
1577,2023-12-19,0.0,0.0,0.0,0.0,0.0,0.0669518194655867,0.0583841377772317,0.46364214791096,0.0,0.0,0.0,0.0,0.0,1.0,1,1,0
1578,2023-12-20,0.0,0.0,0.0,0.0,2.0,1.180192891744094,0.0089963332467646,0.2777333481078967,0.0,0.0,0.0,0.0,1.0,0.0,2,1,0
1579,2023-12-20,0.0,0.0,0.0,0.0,2.0,-1.120238480001449,0.0015092103145817,0.1303167296174377,0.0,1.0,0.0,0.0,0.0,0.0,2,1,0
1580,2023-12-20,0.0,0.0,0.0,0.0,2.0,0.0550003960404012,0.0030144646342876,0.0010412351896505,0.0,0.0,1.0,0.0,0.0,0.0,2,1,0
1581,2023-12-20,0.0,0.0,0.0,0.0,1.0,0.1213269732232824,0.0168764458405369,0.5441640544600782,0.0,0.0,0.0,0.0,0.0,1.0,2,1,0
1582,2023-12-20,0.0,0.0,0.0,0.0,2.0,-0.1923083345609521,0.0,0.0,1.0,0.0,0.0,0.0,0.0,0.0,2,1,0
1583,2023-12-20,0.0,0.0,0.0,0.0,2.0,0.8169163844899422,0.0,0.4872929201100884,0.0,0.0,0.0,1.0,0.0,0.0,2,1,0
1584,2023-12-21,0.0,0.0,0.0,0.0,2.0,1.1098936443215892,0.0,0.1479280628340072,0.0,0.0,0.0,0.0,1.0,0.0,3,1,0
1585,2023-12-21,0.0,0.0,0.0,0.0,2.0,-0.0558548647779693,0.0,0.0,0.0,0.0,1.0,0.0,0.0,0.0,3,1,0
1586,2023-12-21,0.0,0.0,0.0,0.0,2.0,-1.2684873661705134,0.0,0.0,0.0,1.0,0.0,0.0,0.0,0.0,3,1,0
1587,2023-12-21,0.0,0.0,0.0,0.0,2.0,0.713053186087538,0.0,0.4041834749886343,0.0,0.0,0.0,1.0,0.0,0.0,3,1,0
1588,2023-12-21,0.0,0.0,0.0,0.0,1.0,0.0033949608792816,0.0089963332467646,0.4199054043580579,0.0,0.0,0.0,0.0,0.0,1.0,3,1,0
1589,2023-12-21,0.0,0.0,0.0,0.0,2.0,-0.3278523528556689,0.0,0.0,1.0,0.0,0.0,0.0,0.0,0.0,3,1,0
1590,2023-12-22,0.0,0.0,0.0,0.0,2.0,0.0115293569863253,0.0,0.0,0.0,0.0,1.0,0.0,0.0,0.0,4,1,0
1591,2023-12-22,0.0,0.0,0.0,0.0,2.0,-1.1890244296907098,0.0,0.0,0.0,1.0,0.0,0.0,0.0,0.0,4,1,0
1592,2023-12-22,0.0,0.0,0.0,0.0,2.0,1.1637013006370205,0.0,0.0991045524005236,0.0,0.0,0.0,0.0,1.0,0.0,4,1,0
1593,2023-12-22,0.0,0.0,0.0,0.0,2.0,0.7713161053132767,0.0,0.3663473721154506,0.0,0.0,0.0,1.0,0.0,0.0,4,1,0
1594,2023-12-22,0.0,0.0,0.0,0.0,2.0,-0.1862770721191548,0.0,0.0,1.0,0.0,0.0,0.0,0.0,0.0,4,1,0
1595,2023-12-22,0.0,0.0,0.0,0.0,1.0,0.0916616437237832,0.0050153523525603,0.3605148202356852,0.0,0.0,0.0,0.0,0.0,1.0,4,1,0
1596,2023-12-23,0.0,0.0,0.0,0.0,1.0,0.6459140683391256,0.0,0.0320327728900346,0.0,0.0,0.0,0.0,1.0,0.0,5,0,1
1597,2023-12-23,0.0,0.0,0.0,0.0,2.0,-1.5793298358253285,0.0,0.0,0.0,1.0,0.0,0.0,0.0,0.0,5,0,1
1598,2023-12-23,0.0,0.0,0.0,0.0,1.0,-0.3855497254575702,0.0,0.0,0.0,0.0,1.0,0.0,0.0,0.0,5,0,1
1599,2023-12-23,0.0,0.0,0.0,0.0,1.0,-0.2425036871434266,0.0,0.3898956249126695,0.0,0.0,0.0,0.0,0.0,1.0,5,0,1
1600,2023-12-23,0.0,0.0,0.0,0.0,1.0,0.2591590388133077,0.0,0.2838918621871603,0.0,0.0,0.0,1.0,0.0,0.0,5,0,1
1601,2023-12-23,0.0,0.0,0.0,0.0,1.0,-0.5184496956327362,0.0,0.0,1.0,0.0,0.0,0.0,0.0,0.0,5,0,1
1603,2023-12-24,0.0,0.0,0.0,0.0,0.0,0.4098803263601405,0.03231950606593,0.1634116935911585,0.0,0.0,0.0,0.0,1.0,0.0,6,0,1
1604,2023-12-24,0.0,0.0,0.0,0.0,0.0,-1.7490635938504044,0.0149165320125727,0.0643362022749008,0.0,1.0,0.0,0.0,0.0,0.0,6,0,1
1605,2023-12-24,0.0,0.0,0.0,0.0,0.0,0.0379921695952191,0.0060131878671635,0.4441933469491342,0.0,0.0,0.0,1.0,0.0,0.0,6,0,1
1607,2023-12-24,0.0,0.0,0.0,0.0,0.0,-0.399926815229045,0.022716369331599,0.5012657956289153,0.0,0.0,0.0,0.0,0.0,1.0,6,0,1
1608,2023-12-25,0.0,0.0,0.0,0.0,0.0,0.309119141293369,0.0149165320125727,0.2787664380325595,0.0,0.0,0.0,0.0,1.0,0.0,0,1,0
1609,2023-12-25,0.0,0.0,0.0,0.0,0.0,-0.6667259673415529,0.0119640617855746,0.1288131613550726,0.0,0.0,1.0,0.0,0.0,0.0,0,1,0
1610,2023-12-25,0.0,0.0,0.0,0.0,0.0,-0.0129637788907131,0.0574733458429802,0.5690619635612498,0.0,0.0,0.0,1.0,0.0,0.0,0,1,0
1611,2023-12-25,0.0,0.0,0.0,0.0,0.0,-0.4251296981320923,0.0089963332467646,0.3646896719496754,0.0,0.0,0.0,0.0,0.0,1.0,0,1,0
1613,2023-12-25,0.0,0.0,0.0,0.0,0.0,-1.715975381059219,0.028017956408341,0.1888086007910825,0.0,1.0,0.0,0.0,0.0,0.0,0,1,0
1614,2023-12-26,0.0,0.0,0.0,0.0,0.0,0.6839251889242076,0.0,0.2465381285283949,0.0,0.0,0.0,1.0,0.0,0.0,1,1,0
1619,2023-12-26,0.0,0.0,0.0,0.0,0.0,0.0450974036231038,0.0,0.1435980769851202,0.0,0.0,0.0,0.0,0.0,1.0,1,1,0
1638,2023-12-30,0.0,0.0,0.0,0.0,0.0,0.5331505447233931,0.2699015553675773,0.8300602037613127,0.0,0.0,0.0,0.0,1.0,0.0,5,0,1
1639,2023-12-30,0.0,0.0,0.0,0.0,0.0,-0.4127727808477808,0.2216496119413138,0.6866174066186342,0.0,0.0,1.0,0.0,0.0,0.0,5,0,1
1640,2023-12-30,0.0,0.0,0.0,0.0,0.0,0.2102265505558916,0.168968251458243,0.1303167296174377,0.0,0.0,0.0,1.0,0.0,0.0,5,0,1
1641,2023-12-30,0.0,0.0,0.0,0.0,0.0,-0.3107636998788944,0.236855818879701,0.483413679908817,0.0,0.0,0.0,0.0,0.0,1.0,5,0,1
1643,2023-12-30,0.0,0.0,0.0,0.0,0.0,-1.403458279753242,0.2689562807604443,0.7719909132796514,0.0,1.0,0.0,0.0,0.0,0.0,5,0,1
1644,2023-12-31,0.0,0.0,0.0,0.0,0.0,-0.7844386368755487,0.2308215686716094,0.4004066135777128,0.0,0.0,1.0,0.0,0.0,0.0,6,0,1
1645,2023-12-31,0.0,0.0,0.0,0.0,0.0,-1.95807249759314,0.1700931376047482,0.6133501901157832,0.0,1.0,0.0,0.0,0.0,0.0,6,0,1
1646,2023-12-31,0.0,0.0,0.0,0.0,0.0,0.1832854426244153,0.1483341444553668,0.6210349096525027,0.0,0.0,0.0,0.0,1.0,0.0,6,0,1
1647,2023-12-31,0.0,0.0,0.0,0.0,0.0,-0.1834238231998602,0.0602013994019213,0.0041486217982851,0.0,0.0,0.0,1.0,0.0,0.0,6,0,1
1648,2023-12-31,0.0,0.0,0.0,0.0,0.0,-0.5496043160303629,0.1333561784556624,0.13725890556122,0.0,0.0,0.0,0.0,0.0,1.0,6,0,1
1650,2024-01-01,0.0,0.0,0.0,0.0,0.0,-0.3114885298918303,0.0,0.2838918621871603,0.0,0.0,0.0,0.0,1.0,0.0,0,1,0
1653,2024-01-01,0.0,0.0,0.0,0.0,0.0,-1.1291800171495263,0.0,0.1087290684785843,0.0,0.0,1.0,0.0,0.0,0.0,0,1,0
1655,2024-01-01,0.0,0.0,0.0,0.0,0.0,-2.212238270967517,0.0,0.3617719014435324,0.0,1.0,0.0,0.0,0.0,0.0,0,1,0
1660,2024-01-02,0.0,0.0,0.0,0.0,0.0,-1.2865878733527882,0.0,0.1939539946909744,0.0,1.0,0.0,0.0,0.0,0.0,1,1,0
1662,2024-01-03,0.0,0.0,0.0,0.0,0.0,1.051790254249379,0.0178539000240466,0.0,0.0,0.0,0.0,0.0,1.0,0.0,2,1,0
1663,2024-01-03,0.0,0.0,0.0,0.0,0.0,-1.2469890811678757,0.0408271312149752,0.0816776908367821,0.0,1.0,0.0,0.0,0.0,0.0,2,1,0
1664,2024-01-03,0.0,0.0,0.0,0.0,0.0,-0.0322473381611873,0.0030144646342876,0.0,0.0,0.0,1.0,0.0,0.0,0.0,2,1,0
1665,2024-01-03,0.0,0.0,0.0,0.0,0.0,0.6924694490828956,0.0547322704993434,0.0,0.0,0.0,0.0,1.0,0.0,0.0,2,1,0
1670,2024-01-04,0.0,0.0,0.0,0.0,0.0,-1.2147237004483764,0.0,0.0320327728900346,0.0,1.0,0.0,0.0,0.0,0.0,3,1,0
1675,2024-01-05,0.0,0.0,0.0,0.0,0.0,-1.1089407809141734,0.0015092103145817,0.0,0.0,1.0,0.0,0.0,0.0,0.0,4,1,0
1680,2024-01-06,0.0,0.0,0.0,0.0,0.0,0.5746632723844854,0.0683086520923263,0.2838918621871603,0.0,0.0,0.0,0.0,1.0,0.0,5,0,1
1681,2024-01-06,0.0,0.0,0.0,0.0,0.0,-0.3945626793616132,0.010482114655602,0.0349071973119653,0.0,0.0,1.0,0.0,0.0,0.0,5,0,1
1682,2024-01-06,0.0,0.0,0.0,0.0,0.0,0.2761330909188871,0.0178539000240466,0.1347934977199162,0.0,0.0,0.0,1.0,0.0,0.0,5,0,1
1683,2024-01-06,0.0,0.0,0.0,0.0,0.0,-0.2552805824680463,0.0454996890867846,0.1328100654841878,0.0,0.0,0.0,0.0,0.0,1.0,5,0,1
1685,2024-01-06,0.0,0.0,0.0,0.0,0.0,-1.55349673706595,0.0060131878671635,0.0696188106916398,0.0,1.0,0.0,0.0,0.0,0.0,5,0,1
1686,2024-01-07,0.0,0.0,0.0,0.0,0.0,0.0532407382830505,0.0,0.5239440615585431,0.0,0.0,0.0,0.0,1.0,0.0,6,0,1
1687,2024-01-07,0.0,0.0,0.0,0.0,0.0,-1.9957599317713328,0.0265769162690366,0.1641013191118786,0.0,1.0,0.0,0.0,0.0,0.0,6,0,1
1688,2024-01-07,0.0,0.0,0.0,0.0,0.0,-0.8716156194497873,0.0030144646342876,0.0517291007176856,0.0,0.0,1.0,0.0,0.0,0.0,6,0,1
1689,2024-01-07,0.0,0.0,0.0,0.0,0.0,-0.2206802110972621,0.0,0.2175215222483399,0.0,0.0,0.0,1.0,0.0,0.0,6,0,1
1690,2024-01-07,0.0,0.0,0.0,0.0,0.0,-0.7041033922152198,0.0,0.1981913587366058,0.0,0.0,0.0,0.0,0.0,1.0,6,0,1
1692,2024-01-08,0.0,0.0,0.0,0.0,0.0,1.0065428407880528,0.0,0.2409023327622443,0.0,0.0,0.0,0.0,1.0,0.0,0,1,0
1697,2024-01-08,0.0,0.0,0.0,0.0,0.0,-0.04913909693372,0.0,0.0808284091361763,0.0,0.0,0.0,0.0,0.0,1.0,0,1,0
1698,2024-01-09,0.0,0.0,0.0,0.0,0.0,1.0757920319712284,0.0464296555963676,0.4303633297828273,0.0,0.0,0.0,0.0,1.0,0.0,1,1,0
1699,2024-01-09,0.0,0.0,0.0,0.0,0.0,-0.017387790641674,0.0394179177613586,0.1634116935911585,0.0,0.0,1.0,0.0,0.0,0.0,1,1,0
1700,2024-01-09,0.0,0.0,0.0,0.0,0.0,-1.1700627633511926,0.081571463180414,0.2869355885142052,0.0,1.0,0.0,0.0,0.0,0.0,1,1,0
1701,2024-01-09,0.0,0.0,0.0,0.0,0.0,0.7585735304889097,0.0841876599339826,0.2234973483845171,0.0,0.0,0.0,1.0,0.0,0.0,1,1,0
1703,2024-01-09,0.0,0.0,0.0,0.0,0.0,0.0175336468867713,0.0275380113790114,0.1666197253830146,0.0,0.0,0.0,0.0,0.0,1.0,1,1,0
1704,2024-01-10,0.0,0.0,0.0,0.0,0.0,0.0052254173466454,0.0,0.1257887973434383,0.0,0.0,1.0,0.0,0.0,0.0,2,1,0
1705,2024-01-10,0.0,0.0,0.0,0.0,0.0,0.7500983650044619,0.0,0.1965018475979426,0.0,0.0,0.0,1.0,0.0,0.0,2,1,0
1706,2024-01-10,0.0,0.0,0.0,0.0,0.0,1.0999376997682957,0.0,0.4836188001627496,0.0,0.0,0.0,0.0,1.0,0.0,2,1,0
1707,2024-01-10,0.0,0.0,0.0,0.0,0.0,-1.1730283532245485,0.0,0.2998613695473908,0.0,1.0,0.0,0.0,0.0,0.0,2,1,0
1709,2024-01-10,0.0,0.0,0.0,0.0,0.0,0.040457986242472,0.0,0.1039460353972296,0.0,0.0,0.0,0.0,0.0,1.0,2,1,0
1710,2024-01-11,0.0,0.0,0.0,0.0,0.0,1.098100589884273,0.0,0.2683122757905413,0.0,0.0,0.0,0.0,1.0,0.0,3,1,0
1711,2024-01-11,0.0,0.0,0.0,0.0,0.0,-1.193605558981039,0.0,0.0958437129096062,0.0,1.0,0.0,0.0,0.0,0.0,3,1,0
1715,2024-01-11,0.0,0.0,0.0,0.0,0.0,0.0444191756682945,0.0,0.0176717694552071,0.0,0.0,0.0,0.0,0.0,1.0,3,1,0
1728,2024-01-14,0.0,0.0,0.0,0.0,0.0,0.0001996875566802,0.0867919918089019,0.0,0.0,0.0,0.0,0.0,1.0,0.0,6,0,1
1729,2024-01-14,0.0,0.0,0.0,0.0,0.0,-0.9331405818389384,0.0996393776275717,0.2426015051806979,0.0,0.0,1.0,0.0,0.0,0.0,6,0,1
1730,2024-01-14,0.0,0.0,0.0,0.0,0.0,-2.0020229475723905,0.0919654880088398,0.0,0.0,1.0,0.0,0.0,0.0,0.0,6,0,1
1731,2024-01-14,0.0,0.0,0.0,0.0,0.0,-0.1912554128950478,0.070985832671595,0.0,0.0,0.0,0.0,1.0,0.0,0.0,6,0,1
1732,2024-01-14,0.0,0.0,0.0,0.0,0.0,-0.7216077735147775,0.0859251928606796,0.0,0.0,0.0,0.0,0.0,0.0,1.0,6,0,1
1738,2024-01-15,0.0,0.0,0.0,0.0,0.0,-0.0777786349266309,0.0,0.3249720523161793,0.0,0.0,1.0,0.0,0.0,0.0,0,1,0
1742,2024-01-16,0.0,0.0,0.0,0.0,0.0,-0.0507580042713077,0.0,0.228799595335897,0.0,0.0,1.0,0.0,0.0,0.0,1,1,0
1746,2024-01-17,0.0,0.0,0.0,0.0,0.0,1.089243073435416,0.1801191687043579,0.2651214685171593,0.0,0.0,0.0,0.0,1.0,0.0,2,1,0
1747,2024-01-17,0.0,0.0,0.0,0.0,0.0,0.7131349796596171,0.1801191687043579,0.0,0.0,0.0,0.0,1.0,0.0,0.0,2,1,0
1748,2024-01-17,0.0,0.0,0.0,0.0,0.0,-0.0033181225212988,0.1793824730367206,0.2654772743440557,0.0,0.0,0.0,0.0,0.0,1.0,2,1,0
1749,2024-01-17,0.0,0.0,0.0,0.0,0.0,-0.0575372558371315,0.135349426531734,0.4300113175325525,0.0,0.0,1.0,0.0,0.0,0.0,2,1,0
1750,2024-01-17,0.0,0.0,0.0,0.0,0.0,-1.231768179907777,0.1506637792697187,0.0756941287094508,0.0,1.0,0.0,0.0,0.0,0.0,2,1,0
1752,2024-01-18,0.0,0.0,0.0,0.0,0.0,1.102633935226467,0.0763030391250408,0.0991045524005236,0.0,0.0,0.0,0.0,1.0,0.0,3,1,0
1753,2024-01-18,0.0,0.0,0.0,0.0,0.0,-0.0167378121506195,0.0394179177613586,0.2575747686924106,0.0,0.0,1.0,0.0,0.0,0.0,3,1,0
1754,2024-01-18,0.0,0.0,0.0,0.0,0.0,-1.202830645835849,0.0802588815937133,0.0102912217660959,0.0,1.0,0.0,0.0,0.0,0.0,3,1,0
1755,2024-01-18,0.0,0.0,0.0,0.0,0.0,0.7398275955150185,0.0945348622914977,0.0,0.0,0.0,0.0,1.0,0.0,0.0,3,1,0
1757,2024-01-18,0.0,0.0,0.0,0.0,0.0,0.05113451410233,0.044568214115049,0.0974774874376726,0.0,0.0,0.0,0.0,0.0,1.0,3,1,0
1760,2024-01-19,0.0,0.0,0.0,0.0,0.0,0.0501500768145794,0.0,0.0062067550584894,0.0,0.0,1.0,0.0,0.0,0.0,4,1,0
1764,2024-01-20,0.0,0.0,0.0,0.0,0.0,0.6064628390055008,0.0119640617855746,0.0,0.0,0.0,0.0,0.0,1.0,0.0,5,0,1
1766,2024-01-20,0.0,0.0,0.0,0.0,0.0,-0.384687350450672,0.0178539000240466,0.0010412351896505,0.0,0.0,1.0,0.0,0.0,0.0,5,0,1
1767,2024-01-20,0.0,0.0,0.0,0.0,0.0,0.2967478300062007,0.0408271312149752,0.0,0.0,0.0,0.0,1.0,0.0,0.0,5,0,1
1768,2024-01-20,0.0,0.0,0.0,0.0,0.0,-0.229575293560028,0.0246498869635172,0.0189990395796964,0.0,0.0,0.0,0.0,0.0,1.0,5,0,1
1769,2024-01-20,0.0,0.0,0.0,0.0,0.0,-1.493481361898816,0.0505959679042712,0.0,0.0,1.0,0.0,0.0,0.0,0.0,5,0,1
1770,2024-01-21,0.0,0.0,0.0,0.0,1.0,-0.1526368905726907,0.0,0.0,0.0,0.0,0.0,1.0,0.0,0.0,6,0,1
1771,2024-01-21,0.0,0.0,0.0,0.0,1.0,-0.630611180422738,0.0040157799606411,0.0027705690641744,0.0,0.0,0.0,0.0,0.0,1.0,6,0,1
1772,2024-01-21,0.0,0.0,0.0,0.0,1.0,0.0806368447365648,0.0119640617855746,0.0,0.0,0.0,0.0,0.0,1.0,0.0,6,0,1
1773,2024-01-21,0.0,0.0,0.0,0.0,1.0,-0.8325809354445268,0.0030144646342876,0.0,0.0,0.0,1.0,0.0,0.0,0.0,6,0,1
1774,2024-01-21,0.0,0.0,0.0,0.0,1.0,-1.964272098730008,0.0075066976665316,0.0,0.0,1.0,0.0,0.0,0.0,0.0,6,0,1
1775,2024-01-21,0.0,0.0,0.0,0.0,1.0,-0.8681103431590548,0.0,0.0,1.0,0.0,0.0,0.0,0.0,0.0,6,0,1
1776,2024-01-22,0.0,0.0,0.0,0.0,1.0,-0.1482097466118093,0.0,0.0,0.0,0.0,1.0,0.0,0.0,0.0,0,1,0
1777,2024-01-22,0.0,0.0,0.0,0.0,1.0,0.98935419439643,0.0060131878671635,0.211454179144963,0.0,0.0,0.0,0.0,1.0,0.0,0,1,0
1778,2024-01-22,0.0,0.0,0.0,0.0,1.0,-1.302941648163929,0.0,0.0031155318736223,0.0,1.0,0.0,0.0,0.0,0.0,0,1,0
1779,2024-01-22,0.0,0.0,0.0,0.0,1.0,0.6390521481170965,0.0030144646342876,0.1071411314365217,0.0,0.0,0.0,1.0,0.0,0.0,0,1,0
1780,2024-01-22,0.0,0.0,0.0,0.0,1.0,-0.3694585937075827,0.0,0.0,1.0,0.0,0.0,0.0,0.0,0.0,0,1,0
1781,2024-01-22,0.0,0.0,0.0,0.0,1.0,-0.0767480758010795,0.0,0.0307485261849216,0.0,0.0,0.0,0.0,0.0,1.0,0,1,0
1782,2024-01-23,0.0,0.0,0.0,0.0,1.0,-1.402547000293889,0.0,0.0,0.0,1.0,0.0,0.0,0.0,0.0,1,1,0
1783,2024-01-23,0.0,0.0,0.0,0.0,1.0,0.953629535693162,0.0,0.0,0.0,0.0,0.0,0.0,1.0,0.0,1,1,0
1784,2024-01-23,0.0,0.0,0.0,0.0,1.0,-0.2282369411361396,0.0,0.0,0.0,0.0,1.0,0.0,0.0,0.0,1,1,0
1785,2024-01-23,0.0,0.0,0.0,0.0,1.0,0.5856323857374857,0.0,0.0,0.0,0.0,0.0,1.0,0.0,0.0,1,1,0
1786,2024-01-23,0.0,0.0,0.0,0.0,1.0,-0.4803460031851115,0.0,0.0,1.0,0.0,0.0,0.0,0.0,0.0,1,1,0
1787,2024-01-23,0.0,0.0,0.0,0.0,1.0,-0.1522627541858106,0.0,0.0371285313900093,0.0,0.0,0.0,0.0,0.0,1.0,1,1,0
1788,2024-01-24,0.0,0.0,0.0,0.0,1.0,0.6608091969349341,0.0,0.0,0.0,0.0,0.0,1.0,0.0,0.0,2,1,0
1789,2024-01-24,0.0,0.0,0.0,0.0,1.0,1.012548729098402,0.0,0.0,0.0,0.0,0.0,0.0,1.0,0.0,2,1,0
1790,2024-01-24,0.0,0.0,0.0,0.0,1.0,-0.0744385523237892,0.0,0.0068904303991882,0.0,0.0,0.0,0.0,0.0,1.0,2,1,0
1791,2024-01-24,0.0,0.0,0.0,0.0,1.0,-0.1641952160399016,0.0,0.0,0.0,0.0,1.0,0.0,0.0,0.0,2,1,0
1792,2024-01-24,0.0,0.0,0.0,0.0,1.0,-0.4256713176618232,0.0,0.0,1.0,0.0,0.0,0.0,0.0,0.0,2,1,0
1793,2024-01-24,0.0,0.0,0.0,0.0,1.0,-1.3232431124280977,0.0,0.0,0.0,1.0,0.0,0.0,0.0,0.0,2,1,0
1794,2024-01-25,0.0,0.0,0.0,0.0,1.0,1.0651804947332748,0.0,0.0,0.0,0.0,0.0,0.0,1.0,0.0,3,1,0
1795,2024-01-25,0.0,0.0,0.0,0.0,1.0,-0.0914495445585341,0.0,0.0,0.0,0.0,1.0,0.0,0.0,0.0,3,1,0
1796,2024-01-25,0.0,0.0,0.0,0.0,1.0,-1.252103871898005,0.0,0.0,0.0,1.0,0.0,0.0,0.0,0.0,3,1,0
1850,2024-02-03,0.0,0.0,0.0,0.0,0.0,0.3078420165629911,0.0119640617855746,0.0,0.0,0.0,0.0,1.0,0.0,0.0,5,0,1
1853,2024-02-03,0.0,0.0,0.0,0.0,0.0,-1.573098943031896,0.0015092103145817,0.0,0.0,1.0,0.0,0.0,0.0,0.0,5,0,1
1856,2024-02-04,0.0,0.0,0.0,0.0,0.0,0.0040221891639355,0.0060131878671635,0.0,0.0,0.0,0.0,1.0,0.0,0.0,6,0,1
1859,2024-02-04,0.0,0.0,0.0,0.0,0.0,-1.874979932600012,0.0030144646342876,0.0,0.0,1.0,0.0,0.0,0.0,0.0,6,0,1
1864,2024-02-08,0.0,0.0,0.0,0.0,0.0,0.0491504482353052,0.0,0.0268706182759672,0.0,0.0,0.0,0.0,0.0,1.0,3,1,0
1872,2024-02-05,0.0,0.0,0.0,0.0,0.0,1.046701844047194,0.0683086520923263,0.2351852095795043,0.0,0.0,0.0,0.0,1.0,0.0,0,1,0
1873,2024-02-05,0.0,0.0,0.0,0.0,0.0,-0.0986542893469884,0.0776246834234204,0.2746178162342744,0.0,0.0,1.0,0.0,0.0,0.0,0,1,0
1874,2024-02-05,0.0,0.0,0.0,0.0,0.0,0.6752322551446274,0.0945348622914977,0.0,0.0,0.0,0.0,1.0,0.0,0.0,0,1,0
1876,2024-02-05,0.0,0.0,0.0,0.0,0.0,-0.0526123802342443,0.1917795529608218,0.1406849038479148,0.0,0.0,0.0,0.0,0.0,1.0,0,1,0
1877,2024-02-05,0.0,0.0,0.0,0.0,0.0,-1.2492825009684292,0.0906764769307636,0.1150179268969409,0.0,1.0,0.0,0.0,0.0,0.0,0,1,0
1878,2024-02-06,0.0,0.0,0.0,0.0,0.0,1.0998267381918716,0.0119640617855746,0.3208185980219757,0.0,0.0,0.0,0.0,1.0,0.0,1,1,0
1879,2024-02-06,0.0,0.0,0.0,0.0,0.0,-0.0251506972952938,0.0251322508677009,0.4469023473266776,0.0,0.0,1.0,0.0,0.0,0.0,1,1,0
1880,2024-02-06,0.0,0.0,0.0,0.0,0.0,0.7533473981713698,0.0089963332467646,0.0041486217982851,0.0,0.0,0.0,1.0,0.0,0.0,1,1,0
1882,2024-02-06,0.0,0.0,0.0,0.0,0.0,0.0298660520825995,0.0188296932820605,0.3579886282872321,0.0,0.0,0.0,0.0,0.0,1.0,1,1,0
1883,2024-02-06,0.0,0.0,0.0,0.0,0.0,-1.2133952729900923,0.028017956408341,0.2869355885142052,0.0,1.0,0.0,0.0,0.0,0.0,1,1,0
1885,2024-02-07,0.0,0.0,0.0,0.0,0.0,-0.0146679487837946,0.0,0.0791243645237446,0.0,0.0,1.0,0.0,0.0,0.0,2,1,0
1888,2024-02-07,0.0,0.0,0.0,0.0,0.0,0.0496726432978089,0.0,0.1479280628340072,0.0,0.0,0.0,0.0,0.0,1.0,2,1,0
1919,2024-02-14,0.0,0.0,0.0,0.0,0.0,-1.155026713696905,0.0015092103145817,0.0,0.0,1.0,0.0,0.0,0.0,0.0,2,1,0
1920,2024-02-15,0.0,0.0,0.0,0.0,0.0,1.089480736992382,0.2603780502980712,0.0489745837476576,0.0,0.0,0.0,0.0,1.0,0.0,3,1,0
1921,2024-02-15,0.0,0.0,0.0,0.0,0.0,-0.0820239792169959,0.2642064257717213,0.0193301635117339,0.0,0.0,1.0,0.0,0.0,0.0,3,1,0
1922,2024-02-15,0.0,0.0,0.0,0.0,0.0,0.7142017310979885,0.1667118470063669,0.0,0.0,0.0,0.0,1.0,0.0,0.0,3,1,0
1924,2024-02-15,0.0,0.0,0.0,0.0,0.0,-0.0111258127519865,0.1575965096779069,0.0242640972849227,0.0,0.0,0.0,0.0,0.0,1.0,3,1,0
1925,2024-02-15,0.0,0.0,0.0,0.0,0.0,-1.239719575928433,0.1122056163423237,0.0,0.0,1.0,0.0,0.0,0.0,0.0,3,1,0
1927,2024-02-16,0.0,0.0,0.0,0.0,0.0,0.083477515341058,0.0,0.0102912217660959,0.0,0.0,1.0,0.0,0.0,0.0,4,1,0
1932,2024-02-19,0.0,0.0,0.0,0.0,0.0,1.0368351937902551,0.2903133847620401,0.0,0.0,0.0,0.0,0.0,1.0,0.0,0,1,0
1933,2024-02-19,0.0,0.0,0.0,0.0,0.0,-0.0265248389959692,0.2680094475794696,0.0,0.0,0.0,1.0,0.0,0.0,0.0,0,1,0
1934,2024-02-19,0.0,0.0,0.0,0.0,0.0,0.6883487334250562,0.2975595906145492,0.0,0.0,0.0,0.0,1.0,0.0,0.0,0,1,0
1936,2024-02-19,0.0,0.0,0.0,0.0,0.0,-0.0170007549427823,0.2321680035068834,0.0,0.0,0.0,0.0,0.0,0.0,1.0,0,1,0
1937,2024-02-19,0.0,0.0,0.0,0.0,0.0,-1.2710956421403297,0.4114848699864476,0.0,0.0,1.0,0.0,0.0,0.0,0.0,0,1,0
1938,2024-02-18,0.0,0.0,0.0,0.0,0.0,0.17427656392025,0.1953753956065558,0.0,0.0,0.0,0.0,0.0,1.0,0.0,6,0,1
1939,2024-02-18,0.0,0.0,0.0,0.0,0.0,-0.7062671239005356,0.2378553912716202,0.0,0.0,0.0,1.0,0.0,0.0,0.0,6,0,1
1946,2024-02-21,0.0,0.0,0.0,0.0,0.0,1.0922209732532338,0.3358573921351031,0.1716090155636697,0.0,0.0,0.0,0.0,1.0,0.0,2,1,0
1947,2024-02-21,0.0,0.0,0.0,0.0,0.0,-0.003644060092006,0.2408437112545721,0.3688209894846038,0.0,0.0,1.0,0.0,0.0,0.0,2,1,0
1948,2024-02-18,0.0,0.0,0.0,0.0,0.0,-0.0567008734323081,0.2060297679067604,0.0,0.0,0.0,0.0,1.0,0.0,0.0,6,0,1
1950,2024-02-18,0.0,0.0,0.0,0.0,0.0,-0.6077993595032462,0.2428273201152056,0.0,0.0,0.0,0.0,0.0,0.0,1.0,6,0,1
1951,2024-02-18,0.0,0.0,0.0,0.0,0.0,-1.8826520915297429,0.1564468512475414,0.0,0.0,1.0,0.0,0.0,0.0,0.0,6,0,1
1954,2024-02-21,0.0,0.0,0.0,0.0,0.0,0.72636888576702,0.384278267657696,0.0,0.0,0.0,0.0,1.0,0.0,0.0,2,1,0
1956,2024-02-21,0.0,0.0,0.0,0.0,0.0,-0.0077832350844171,0.2890967440650732,0.1283107012222586,0.0,0.0,0.0,0.0,0.0,1.0,2,1,0
1957,2024-02-21,0.0,0.0,0.0,0.0,0.0,-1.2401625298158954,0.3265197198251605,0.0900718557154009,0.0,1.0,0.0,0.0,0.0,0.0,2,1,0
1958,2024-02-22,0.0,0.0,0.0,0.0,0.0,1.1552836128890698,0.1910576745575698,1.0,0.0,0.0,0.0,0.0,1.0,0.0,3,1,0
1959,2024-02-22,0.0,0.0,0.0,0.0,0.0,0.074670930872562,0.1196154506883649,0.8880788441635153,0.0,0.0,1.0,0.0,0.0,0.0,3,1,0
1960,2024-02-22,0.0,0.0,0.0,0.0,0.0,0.8116265526238535,0.1756847513473872,0.6829146716150105,0.0,0.0,0.0,1.0,0.0,0.0,3,1,0
1962,2024-02-22,0.0,0.0,0.0,0.0,0.0,0.0957042102807763,0.1498882839538004,0.8115887176694581,0.0,0.0,0.0,0.0,0.0,1.0,3,1,0
1963,2024-02-22,0.0,0.0,0.0,0.0,0.0,-1.1634531968567203,0.1401051820288424,0.7352833178244731,0.0,1.0,0.0,0.0,0.0,0.0,3,1,0
1964,2024-02-20,0.0,0.0,0.0,0.0,0.0,1.1228789364140217,0.0656189319798242,0.0,0.0,0.0,0.0,0.0,1.0,0.0,1,1,0
1965,2024-02-20,0.0,0.0,0.0,0.0,0.0,0.0609122800153066,0.0351694086604097,0.0,0.0,0.0,1.0,0.0,0.0,0.0,1,1,0
1966,2024-02-20,0.0,0.0,0.0,0.0,0.0,0.7649314714845016,0.0629165543143021,0.0,0.0,0.0,0.0,1.0,0.0,0.0,1,1,0
1968,2024-02-20,0.0,0.0,0.0,0.0,0.0,0.0522742756745592,0.0332710459591493,0.0,0.0,0.0,0.0,0.0,0.0,1.0,1,1,0
1969,2024-02-20,0.0,0.0,0.0,0.0,0.0,-1.1732191943737766,0.0828810514199637,0.0,0.0,1.0,0.0,0.0,0.0,0.0,1,1,0
1970,2024-02-23,0.0,0.0,0.0,0.0,0.0,1.2052254556683242,0.0,0.7560775387832342,0.0,0.0,0.0,0.0,1.0,0.0,4,1,0
1971,2024-02-23,0.0,0.0,0.0,0.0,0.0,0.1527540975888364,0.0089963332467646,0.7172791707891937,0.0,0.0,1.0,0.0,0.0,0.0,4,1,0
1972,2024-02-23,0.0,0.0,0.0,0.0,0.0,0.8716831878627188,0.0030144646342876,0.3226699554170951,0.0,0.0,0.0,1.0,0.0,0.0,4,1,0
1974,2024-02-23,0.0,0.0,0.0,0.0,0.0,0.1593118427996871,0.0,0.6214695665931053,0.0,0.0,0.0,0.0,0.0,1.0,4,1,0
1975,2024-02-23,0.0,0.0,0.0,0.0,0.0,-1.1040677686379938,0.0030144646342876,0.3977412231006113,0.0,1.0,0.0,0.0,0.0,0.0,4,1,0
1976,2024-02-24,0.0,0.0,0.0,0.0,0.0,0.7301112151400903,0.0380052376044868,0.2454173646646677,0.0,0.0,0.0,0.0,1.0,0.0,5,0,1
1977,2024-02-24,0.0,0.0,0.0,0.0,0.0,-0.2865192745068879,0.0193169688260756,0.3853228975951918,0.0,0.0,1.0,0.0,0.0,0.0,5,0,1
1978,2024-02-24,0.0,0.0,0.0,0.0,0.0,0.4752176269588969,0.0178539000240466,0.0,0.0,0.0,0.0,1.0,0.0,0.0,5,0,1
1980,2024-02-24,0.0,0.0,0.0,0.0,0.0,-0.1364380876489243,0.0178539000240466,0.3491619012867946,0.0,0.0,0.0,0.0,0.0,1.0,5,0,1
1981,2024-02-24,0.0,0.0,0.0,0.0,0.0,-1.4387711544622113,0.0251322508677009,0.0387076078590895,0.0,1.0,0.0,0.0,0.0,0.0,5,0,1
1982,2024-02-25,0.0,0.0,0.0,0.0,0.0,0.2341730786450464,0.0574733458429802,0.0102912217660959,0.0,0.0,0.0,0.0,1.0,0.0,6,0,1
1983,2024-02-25,0.0,0.0,0.0,0.0,0.0,-0.7500544337127387,0.045034140464476,0.3872891039216249,0.0,0.0,1.0,0.0,0.0,0.0,6,0,1
1984,2024-02-25,0.0,0.0,0.0,0.0,0.0,-0.005578545848074,0.0464296555963676,0.0,0.0,0.0,0.0,1.0,0.0,0.0,6,0,1
1986,2024-02-25,0.0,0.0,0.0,0.0,0.0,-0.5095166719192692,0.0528975910021147,0.3095250135462398,0.0,0.0,0.0,0.0,0.0,1.0,6,0,1
1987,2024-02-25,0.0,0.0,0.0,0.0,0.0,-1.8053446951964311,0.0776246834234204,0.1682140525309897,0.0,1.0,0.0,0.0,0.0,0.0,6,0,1
1990,2024-02-26,0.0,0.0,0.0,0.0,0.0,0.0854061098929886,0.0,0.0109678910366856,0.0,0.0,0.0,0.0,0.0,1.0,0,1,0
2023,2024-03-03,0.0,0.0,0.0,0.0,0.0,-1.9238963011429653,0.0030144646342876,0.0,0.0,1.0,0.0,0.0,0.0,0.0,6,0,1
2046,2024-03-07,0.0,0.0,0.0,0.0,0.0,1.18295818246346,0.0602013994019213,0.0,0.0,0.0,0.0,0.0,1.0,0.0,3,1,0
2047,2024-03-07,0.0,0.0,0.0,0.0,0.0,0.111430826136155,0.0119640617855746,0.0,0.0,0.0,1.0,0.0,0.0,0.0,3,1,0
2049,2024-03-07,0.0,0.0,0.0,0.0,0.0,-1.1271271835381047,0.0193169688260756,0.0,0.0,1.0,0.0,0.0,0.0,0.0,3,1,0
2076,2024-03-12,0.0,0.0,0.0,0.0,0.0,1.1514505955302097,0.0602013994019213,0.0,0.0,0.0,0.0,0.0,1.0,0.0,1,1,0
2077,2024-03-12,0.0,0.0,0.0,0.0,0.0,-1.1642435792730508,0.010482114655602,0.0,0.0,1.0,0.0,0.0,0.0,0.0,1,1,0
2078,2024-03-12,0.0,0.0,0.0,0.0,0.0,0.0929582636804429,0.0119640617855746,0.0,0.0,0.0,1.0,0.0,0.0,0.0,1,1,0
2079,2024-03-12,0.0,0.0,0.0,0.0,0.0,0.8504021088103915,0.0683086520923263,0.0,0.0,0.0,0.0,1.0,0.0,0.0,1,1,0
2080,2024-03-12,0.0,0.0,0.0,0.0,0.0,0.1362448247942985,0.0361162418413845,0.0,0.0,0.0,0.0,0.0,0.0,1.0,1,1,0
2106,2024-03-17,0.0,1.0,1.0,1.0,0.0,0.3157176562993223,0.0030144646342876,0.0,0.0,0.0,0.0,0.0,1.0,0.0,6,0,1
2107,2024-03-17,0.0,0.0,0.0,0.0,0.0,-0.6926874250256398,0.0045157836440937,0.0,0.0,0.0,1.0,0.0,0.0,0.0,6,0,1
2108,2024-03-17,0.0,0.0,1.0,1.0,0.0,-1.816926946850712,0.0015092103145817,0.0,0.0,1.0,0.0,0.0,0.0,0.0,6,0,1
2109,2024-03-17,0.0,0.0,1.0,1.0,0.0,0.0125107757294481,0.0149165320125727,0.0,0.0,0.0,0.0,1.0,0.0,0.0,6,0,1
2110,2024-03-17,0.0,0.0,1.0,1.0,0.0,-0.7051169346064029,0.0,0.0,1.0,0.0,0.0,0.0,0.0,0.0,6,0,1
2111,2024-03-17,0.0,1.0,2.0,2.0,0.0,-0.4766700605764782,0.0010065807908815,0.0,0.0,0.0,0.0,0.0,0.0,1.0,6,0,1
2118,2024-03-19,0.0,0.0,0.0,0.0,0.0,1.1655477104455705,0.0060131878671635,0.0,0.0,0.0,0.0,0.0,1.0,0.0,1,1,0
2119,2024-03-19,0.0,0.0,0.0,0.0,0.0,0.0965815962217888,0.010482114655602,0.0,0.0,0.0,1.0,0.0,0.0,0.0,1,1,0
2122,2024-03-19,0.0,0.0,0.0,0.0,0.0,0.8860727540672012,0.0547322704993434,0.0,0.0,0.0,0.0,1.0,0.0,0.0,1,1,0
2123,2024-03-19,0.0,0.0,0.0,0.0,0.0,-1.1318160071585608,0.0683086520923263,0.0,0.0,1.0,0.0,0.0,0.0,0.0,1,1,0
2126,2024-03-20,0.0,0.0,0.0,0.0,0.0,-1.0787451082018145,0.0015092103145817,0.0,0.0,1.0,0.0,0.0,0.0,0.0,2,1,0
2127,2024-03-20,0.0,0.0,0.0,0.0,0.0,0.1237477813696991,0.0045157836440937,0.0,0.0,0.0,1.0,0.0,0.0,0.0,2,1,0
2136,2024-03-22,0.0,0.0,0.0,0.0,0.0,1.228874647789683,0.1317565835657622,0.0,0.0,0.0,0.0,0.0,1.0,0.0,4,1,0
2137,2024-03-22,0.0,0.0,0.0,0.0,0.0,0.915800326814992,0.0602013994019213,0.0,0.0,0.0,0.0,1.0,0.0,0.0,4,1,0
2138,2024-03-22,0.0,0.0,0.0,0.0,0.0,-1.0781769106289416,0.102174720351476,0.0,0.0,1.0,0.0,0.0,0.0,0.0,4,1,0
2139,2024-03-22,0.0,0.0,0.0,0.0,0.0,0.1259600884985291,0.185614466086248,0.0,0.0,0.0,1.0,0.0,0.0,0.0,4,1,0
2141,2024-03-22,0.0,0.0,0.0,0.0,0.0,0.1962062621573473,0.0070092925300488,0.0,0.0,0.0,0.0,0.0,0.0,1.0,4,1,0
2142,2024-03-23,0.0,0.0,0.0,0.0,0.0,0.7761195615205323,0.0149165320125727,0.0,0.0,0.0,0.0,0.0,1.0,0.0,5,0,1
2144,2024-03-23,0.0,0.0,0.0,0.0,0.0,-1.3459746229822898,0.0163870941328965,0.0,0.0,1.0,0.0,0.0,0.0,0.0,5,0,1
2146,2024-03-23,0.0,0.0,0.0,0.0,0.0,-0.2284729805904844,0.0629165543143021,0.0,0.0,0.0,1.0,0.0,0.0,0.0,5,0,1
2154,2024-03-25,0.0,0.0,0.0,0.0,0.0,1.129540817829588,0.1097142710283525,0.0,0.0,0.0,0.0,0.0,1.0,0.0,0,1,0
2155,2024-03-25,0.0,0.0,0.0,0.0,0.0,0.0680219162833951,0.0588389926082728,0.0,0.0,0.0,1.0,0.0,0.0,0.0,0,1,0
2156,2024-03-25,0.0,0.0,0.0,0.0,0.0,0.819669545686608,0.0945348622914977,0.0,0.0,0.0,0.0,1.0,0.0,0.0,0,1,0
2157,2024-03-25,0.0,0.0,0.0,0.0,0.0,0.1208253960668122,0.0893845659378073,0.0,0.0,0.0,0.0,0.0,0.0,1.0,0,1,0
2159,2024-03-25,0.0,0.0,0.0,0.0,0.0,-1.1439287411888457,0.1159224849439744,0.0,0.0,1.0,0.0,0.0,0.0,0.0,0,1,0
2160,2024-03-26,0.0,0.0,0.0,0.0,0.0,1.173693574662935,0.2123287801772503,0.0,0.0,0.0,0.0,0.0,1.0,0.0,1,1,0
2161,2024-03-26,0.0,0.0,0.0,0.0,0.0,0.8572610456468265,0.2603780502980713,0.0,0.0,0.0,0.0,1.0,0.0,0.0,1,1,0
2162,2024-03-26,0.0,0.0,0.0,0.0,0.0,0.0962237249846462,0.2247232367322064,0.0062067550584894,0.0,0.0,1.0,0.0,0.0,0.0,1,1,0
2163,2024-03-26,0.0,0.0,0.0,0.0,0.0,0.1489342327018296,0.1989488619864185,0.0,0.0,0.0,0.0,0.0,0.0,1.0,1,1,0
2165,2024-03-26,0.0,0.0,0.0,0.0,0.0,-1.1631266242587843,0.2338466197099414,0.0,0.0,1.0,0.0,0.0,0.0,0.0,1,1,0
2172,2024-03-28,0.0,0.0,0.0,0.0,0.0,0.1079076028845007,0.0561044436591963,0.0,0.0,0.0,1.0,0.0,0.0,0.0,3,1,0
2173,2024-03-28,0.0,1.0,0.0,0.0,0.0,1.3193988573481197,0.0547322704993434,0.0,0.0,0.0,0.0,0.0,1.0,0.0,3,1,0
2174,2024-03-28,0.0,0.0,0.0,0.0,0.0,0.8715610062003457,0.0629165543143021,0.0,0.0,0.0,0.0,1.0,0.0,0.0,3,1,0
2175,2024-03-28,0.0,0.0,0.0,0.0,0.0,-1.1522839134925256,0.0983674962789181,0.0,0.0,1.0,0.0,0.0,0.0,0.0,3,1,0
2177,2024-03-28,0.0,1.0,0.0,0.0,0.0,0.15673259235366,0.0876574843527887,0.0,0.0,0.0,0.0,0.0,0.0,1.0,3,1,0
2178,2024-03-29,0.0,1.0,2.0,2.0,0.0,1.240350875498472,0.0408271312149752,0.0,0.0,0.0,0.0,0.0,1.0,0.0,4,1,0
2179,2024-03-29,0.0,1.0,0.0,0.0,0.0,0.1102595610804231,0.0547322704993434,0.0,0.0,0.0,1.0,0.0,0.0,0.0,4,1,0
2180,2024-03-29,0.0,1.0,2.0,2.0,0.0,0.2056263812733288,0.1088814149082287,0.0,0.0,0.0,0.0,0.0,0.0,1.0,4,1,0
2181,2024-03-29,0.0,1.0,2.0,2.0,0.0,-0.0239083081259229,0.0,0.0,1.0,0.0,0.0,0.0,0.0,0.0,4,1,0
2182,2024-03-29,0.0,1.0,2.0,2.0,0.0,0.916316543979814,0.0547322704993434,0.0,0.0,0.0,0.0,1.0,0.0,0.0,4,1,0
2183,2024-03-29,0.0,1.0,2.0,2.0,0.0,-1.0850292205105794,0.0422328949382055,0.0,0.0,1.0,0.0,0.0,0.0,0.0,4,1,0
2185,2024-03-30,0.0,1.0,0.0,0.0,0.0,0.7835049568951726,0.0,0.0,0.0,0.0,0.0,0.0,1.0,0.0,5,0,1
