행정구역,날짜,강수량(mm),적설(cm)
경기북서부,20230401,0.0,0.0
경기동부,20230401,0.0,0.0
서울,20230401,0.0,0.0
경기중부,20230401,0.0,0.0
인천,20230401,0.0,0.0
경기동부,20230402,0.0,0.0
서울,20230402,0.0,0.0
경기중부,20230402,0.0,0.0
경기북서부,20230402,0.0,0.0
인천,20230402,0.0,0.0
경기북서부,20230403,0.0,0.0
경기동부,20230403,0.0,0.0
경기중부,20230403,0.0,0.0
서울,20230403,0.0,0.0
인천,20230403,0.0,0.0
경기중부,20230404,0.38947368421052636,0.0
인천,20230404,0.5473684210526316,0.0
경기동부,20230404,0.18421052631578946,0.0
경기북서부,20230404,0.13947368421052633,0.0
서울,20230404,0.21052631578947367,0.0
인천,20230405,1.5666666666666667,0.0
경기중부,20230405,1.5263157894736843,0.0
경기북서부,20230405,2.0526315789473686,0.0
경기동부,20230405,1.4921052631578948,0.0
서울,20230405,2.005263157894737,0.0
경기북서부,20230406,0.06315789473684211,0.0
서울,20230406,0.14210526315789473,0.0
경기동부,20230406,0.17105263157894737,0.0
경기중부,20230406,0.15263157894736842,0.0
인천,20230406,0.042105263157894736,0.0
경기북서부,20230407,0.0,0.0
경기중부,20230407,0.0,0.0
경기동부,20230407,0.0,0.0
서울,20230407,0.0,0.0
인천,20230407,0.0,0.0
인천,20230408,0.0,0.0
경기북서부,20230408,0.0,0.0
서울,20230408,0.0,0.0
경기중부,20230408,0.0,0.0
경기동부,20230408,0.0,0.0
경기북서부,20230409,0.0,0.0
인천,20230409,0.0,0.0
서울,20230409,0.0,0.0
경기중부,20230409,0.0,0.0
경기동부,20230409,0.0,0.0
서울,20230410,0.0,0.0
인천,20230410,0.0,0.0
경기중부,20230410,0.0,0.0
경기북서부,20230410,0.0,0.0
경기동부,20230410,0.0,0.0
서울,20230411,0.15263157894736842,0.0
경기중부,20230411,0.0,0.0
경기북서부,20230411,0.3157894736842105,0.0
인천,20230411,0.042105263157894736,0.0
경기동부,20230411,0.10789473684210525,0.0
경기동부,20230412,0.0,0.0
서울,20230412,0.0,0.0
경기중부,20230412,0.0,0.0
경기북서부,20230412,0.0,0.0
인천,20230412,0.0,0.0
경기동부,20230413,0.0,0.0
경기중부,20230413,0.0,0.0
서울,20230413,0.0,0.0
인천,20230413,0.012280701754385967,0.0
경기북서부,20230413,0.0,0.0
경기중부,20230414,0.0,0.0
인천,20230414,0.0368421052631579,0.0
경기북서부,20230414,0.0,0.0
서울,20230414,0.0,0.0
경기동부,20230414,0.0,0.0
경기중부,20230415,0.10526315789473684,0.0
인천,20230415,0.07719298245614035,0.0
경기북서부,20230415,0.1631578947368421,0.0
경기동부,20230415,0.2552631578947368,0.0
서울,20230415,0.24210526315789477,0.0
인천,20230416,0.0,0.0
경기북서부,20230416,0.0,0.0
경기중부,20230416,0.0,0.0
경기동부,20230416,0.04473684210526316,0.0
서울,20230416,0.0,0.0
경기동부,20230417,0.0,0.0
서울,20230417,0.0,0.0
인천,20230417,0.0,0.0
경기중부,20230417,0.0,0.0
경기북서부,20230417,0.0,0.0
서울,20230418,0.0736842105263158,0.0
인천,20230418,0.05789473684210526,0.0
경기중부,20230418,0.05263157894736842,0.0
경기북서부,20230418,0.05,0.0
경기동부,20230418,0.09736842105263159,0.0
경기북서부,20230419,0.0,0.0
경기동부,20230419,0.0,0.0
경기중부,20230419,0.0,0.0
인천,20230419,0.0,0.0
서울,20230419,0.0,0.0
경기북서부,20230420,0.01578947368421053,0.0
서울,20230420,0.0,0.0
인천,20230420,0.010526315789473686,0.0
경기동부,20230420,0.005263157894736842,0.0
경기중부,20230420,0.0,0.0
경기동부,20230421,0.0,0.0
경기북서부,20230421,0.0,0.0
경기중부,20230421,0.0,0.0
인천,20230421,0.0,0.0
서울,20230421,0.0,0.0
인천,20230422,0.0,0.0
경기동부,20230422,0.0,0.0
경기북서부,20230422,0.0,0.0
서울,20230422,0.0,0.0
경기중부,20230422,0.0,0.0
인천,20230423,0.0,0.0
서울,20230423,0.0,0.0
경기중부,20230423,0.0,0.0
경기북서부,20230423,0.0,0.0
경기동부,20230423,0.0,0.0
경기중부,20230424,0.0,0.0
경기북서부,20230424,0.0,0.0
경기동부,20230424,0.0,0.0
인천,20230424,0.0,0.0
서울,20230424,0.0,0.0
경기북서부,20230425,0.09473684210526316,0.0
인천,20230425,0.0,0.0
경기중부,20230425,0.005263157894736842,0.0
경기동부,20230425,0.08684210526315789,0.0
서울,20230425,0.021052631578947368,0.0
경기중부,20230426,0.0,0.0
경기북서부,20230426,0.0,0.0
인천,20230426,0.0,0.0
서울,20230426,0.0,0.0
경기동부,20230426,0.013157894736842105,0.0
인천,20230427,0.0,0.0
서울,20230427,0.0,0.0
경기동부,20230427,0.0,0.0
경기중부,20230427,0.0,0.0
경기북서부,20230427,0.0,0.0
경기북서부,20230428,0.0368421052631579,0.0
인천,20230428,0.012280701754385965,0.0
경기동부,20230428,0.002631578947368421,0.0
서울,20230428,0.015789473684210527,0.0
경기중부,20230428,0.06842105263157895,0.0
인천,20230429,0.3666666666666667,0.0
경기북서부,20230429,0.5,0.0
경기동부,20230429,0.27631578947368424,0.0
서울,20230429,0.6578947368421053,0.0
경기중부,20230429,0.3526315789473684,0.0
인천,20230430,0.0,0.0
서울,20230430,0.005263157894736842,0.0
경기동부,20230430,0.013157894736842105,0.0
경기중부,20230430,0.0,0.0
경기북서부,20230430,0.0,0.002631578947368421
경기중부,20230501,0.0,0.0
경기북서부,20230501,0.0,0.0
경기동부,20230501,0.0,0.0
인천,20230501,0.0,0.0
서울,20230501,0.0,0.0
서울,20230502,0.0,0.0
인천,20230502,0.0,0.0
경기중부,20230502,0.0,0.0
경기동부,20230502,0.0,0.0
경기북서부,20230502,0.0,0.0
경기북서부,20230503,0.0,0.0
인천,20230503,0.0,0.0
경기동부,20230503,0.0,0.0
서울,20230503,0.0,0.0
경기중부,20230503,0.0,0.0
인천,20230504,0.19473684210526315,0.0
서울,20230504,0.0,0.0
경기북서부,20230504,0.0,0.0
경기동부,20230504,0.0,0.0
경기중부,20230504,0.0,0.0
경기중부,20230505,0.48947368421052634,0.0
인천,20230505,1.2543859649122806,0.0
경기동부,20230505,1.3921052631578947,0.0
서울,20230505,1.4421052631578946,0.0
경기북서부,20230505,2.765789473684211,0.0
경기중부,20230506,1.3789473684210527,0.0
경기북서부,20230506,1.3105263157894735,0.0
서울,20230506,1.9105263157894736,0.0
인천,20230506,1.0,0.0
경기동부,20230506,1.7342105263157896,0.0
인천,20230507,0.0,0.0
경기동부,20230507,0.06052631578947368,0.0
서울,20230507,0.0,0.0
경기중부,20230507,0.08947368421052633,0.0
경기북서부,20230507,0.0,0.0
경기중부,20230508,0.0,0.0
경기북서부,20230508,0.0,0.0
서울,20230508,0.0,0.0
인천,20230508,0.0,0.0
경기동부,20230508,0.0,0.0
경기중부,20230509,0.0,0.0
서울,20230509,0.0,0.0
경기북서부,20230509,0.0,0.0
인천,20230509,0.0,0.0
경기동부,20230509,0.0,0.0
경기동부,20230510,0.0,0.0
서울,20230510,0.0,0.0
경기중부,20230510,0.0,0.0
경기북서부,20230510,0.0,0.0
인천,20230510,0.0,0.0
경기중부,20230511,0.0,0.0
인천,20230511,0.0,0.0
경기동부,20230511,0.0,0.0
경기북서부,20230511,0.0,0.0
서울,20230511,0.0,0.0
경기중부,20230512,0.0,0.0
경기동부,20230512,0.0,0.0
서울,20230512,0.0,0.0
경기북서부,20230512,0.0,0.0
인천,20230512,0.0,0.0
경기중부,20230513,0.0,0.0
경기북서부,20230513,0.007894736842105265,0.0
서울,20230513,0.0,0.0
경기동부,20230513,0.0,0.0
인천,20230513,0.017543859649122806,0.0
경기동부,20230514,0.0,0.0
서울,20230514,0.0,0.0
경기북서부,20230514,0.0,0.0
인천,20230514,0.0,0.0
경기중부,20230514,0.0,0.0
경기동부,20230515,0.0,0.0
경기북서부,20230515,0.0,0.0
인천,20230515,0.0,0.0
경기중부,20230515,0.0,0.0
서울,20230515,0.0,0.0
경기중부,20230516,0.0,0.0
인천,20230516,0.0,0.0
서울,20230516,0.0,0.0
경기동부,20230516,0.0,0.0
경기북서부,20230516,0.0,0.0
경기북서부,20230517,0.0,0.0
경기동부,20230517,0.0,0.0
인천,20230517,0.0035087719298245615,0.0
경기중부,20230517,0.0,0.0
서울,20230517,0.0,0.0
서울,20230518,0.06842105263157895,0.0
경기동부,20230518,0.0,0.0
인천,20230518,0.0,0.0
경기중부,20230518,0.05789473684210527,0.0
경기북서부,20230518,0.04473684210526316,0.0
경기중부,20230519,0.0,0.0
인천,20230519,0.0,0.0
서울,20230519,0.0,0.0
경기북서부,20230519,0.0,0.0
경기동부,20230519,0.0,0.0
서울,20230520,0.0,0.0
인천,20230520,0.0,0.0
경기동부,20230520,0.0,0.0
경기중부,20230520,0.0,0.0
경기북서부,20230520,0.0,0.0
경기북서부,20230521,0.0,0.0
인천,20230521,0.0,0.0
경기중부,20230521,0.0,0.0
서울,20230521,0.010526315789473684,0.0
경기동부,20230521,0.002631578947368421,0.0
경기북서부,20230522,0.0,0.0
서울,20230522,0.0,0.0
경기동부,20230522,0.2131578947368421,0.0
경기중부,20230522,0.0,0.0
인천,20230522,0.03333333333333333,0.0
인천,20230523,0.0,0.0
서울,20230523,0.0,0.0
경기중부,20230523,0.0,0.0
경기동부,20230523,0.0,0.0
경기북서부,20230523,0.0,0.0
경기동부,20230524,0.0,0.0
인천,20230524,0.0,0.0
서울,20230524,0.0,0.0
경기북서부,20230524,0.0,0.0
경기중부,20230524,0.0,0.0
인천,20230525,0.0,0.0
서울,20230525,0.0,0.0
경기북서부,20230525,0.0,0.0
경기동부,20230525,0.0,0.0
경기중부,20230525,0.0,0.0
경기북서부,20230526,0.0,0.0
인천,20230526,0.0,0.0
경기중부,20230526,0.0,0.0
경기동부,20230526,0.0,0.0
서울,20230526,0.0,0.0
경기북서부,20230527,1.9000000000000001,0.0
경기중부,20230527,0.7368421052631579,0.0
서울,20230527,1.6473684210526316,0.0
인천,20230527,2.750877192982456,0.0
경기동부,20230527,0.881578947368421,0.0
인천,20230528,0.9157894736842106,0.0
경기북서부,20230528,0.9342105263157895,0.0
경기동부,20230528,1.5736842105263158,0.0
경기중부,20230528,1.8210526315789475,0.0
서울,20230528,1.7947368421052632,0.0
서울,20230529,0.042105263157894736,0.0
인천,20230529,0.02982456140350877,0.0
경기동부,20230529,0.2394736842105263,0.0
경기중부,20230529,0.06315789473684211,0.0
경기북서부,20230529,0.013157894736842105,0.0
인천,20230530,0.0,0.0
경기북서부,20230530,0.0,0.0
서울,20230530,0.0,0.0
경기동부,20230530,0.4105263157894737,0.0
경기중부,20230530,0.0,0.0
경기중부,20230531,0.0,0.0
인천,20230531,0.0,0.0
경기동부,20230531,0.0,0.0
경기북서부,20230531,0.0,0.0
서울,20230531,0.0,0.0
경기동부,20230601,0.0,0.0
경기북서부,20230601,0.0,0.0
경기중부,20230601,0.0,0.0
서울,20230601,0.0,0.0
인천,20230601,0.0,0.0
경기동부,20230602,0.0,0.0
경기중부,20230602,0.0,0.0
인천,20230602,0.0,0.0
서울,20230602,0.0,0.0
경기북서부,20230602,0.0,0.0
경기동부,20230603,0.0,0.0
서울,20230603,0.0,0.0
경기중부,20230603,0.0,0.0
경기북서부,20230603,0.0,0.0
인천,20230603,0.0,0.0
경기중부,20230604,0.0,0.0
서울,20230604,0.0,0.0
경기북서부,20230604,0.0,0.0
경기동부,20230604,0.0,0.0
인천,20230604,0.0,0.0
인천,20230605,0.0,0.0
경기동부,20230605,0.0,0.0
경기북서부,20230605,0.0,0.0
경기중부,20230605,0.0,0.0
서울,20230605,0.0,0.0
경기북서부,20230606,0.0,0.0
인천,20230606,0.014035087719298246,0.0
경기중부,20230606,0.0,0.0
경기동부,20230606,0.007894736842105265,0.0
서울,20230606,0.0,0.0
경기중부,20230607,0.0,0.0
인천,20230607,0.012280701754385965,0.0
경기북서부,20230607,0.007894736842105265,0.0
경기동부,20230607,0.0,0.0
서울,20230607,0.0,0.0
서울,20230608,0.02631578947368421,0.0
인천,20230608,0.468421052631579,0.0
경기북서부,20230608,0.7342105263157894,0.0
경기동부,20230608,0.015789473684210527,0.0
경기중부,20230608,0.0,0.0
서울,20230609,0.07368421052631578,0.0
경기북서부,20230609,1.2157894736842105,0.0
경기중부,20230609,0.0,0.0
인천,20230609,0.043859649122807015,0.0
경기동부,20230609,0.0,0.0
경기북서부,20230610,0.6263157894736843,0.0
인천,20230610,0.38421052631578945,0.0
서울,20230610,0.010526315789473684,0.0
경기동부,20230610,0.0,0.0
경기중부,20230610,0.0,0.0
서울,20230611,0.11578947368421054,0.0
경기북서부,20230611,0.06315789473684211,0.0
경기동부,20230611,0.21842105263157896,0.0
경기중부,20230611,0.0,0.0
인천,20230611,0.09824561403508772,0.0
경기동부,20230612,0.0,0.0
경기중부,20230612,0.0,0.0
경기북서부,20230612,0.0,0.0
인천,20230612,0.0,0.0
서울,20230612,0.0,0.0
인천,20230613,0.0,0.0
경기북서부,20230613,0.010526315789473684,0.0
경기중부,20230613,0.0,0.0
경기동부,20230613,0.0,0.0
서울,20230613,0.0,0.0
경기중부,20230614,0.0,0.0
서울,20230614,1.6105263157894736,0.0
인천,20230614,0.0,0.0
경기동부,20230614,0.0,0.0
경기북서부,20230614,0.08947368421052632,0.0
경기중부,20230615,0.05789473684210527,0.0
경기동부,20230615,0.034210526315789476,0.0
서울,20230615,0.0,0.0
인천,20230615,0.0,0.0
경기북서부,20230615,0.0,0.0
서울,20230616,0.0,0.0
경기중부,20230616,0.0,0.0
경기동부,20230616,0.0,0.0
경기북서부,20230616,0.0,0.0
인천,20230616,0.0,0.0
경기북서부,20230617,0.0,0.0
경기중부,20230617,0.0,0.0
서울,20230617,0.0,0.0
인천,20230617,0.0,0.0
경기동부,20230617,0.0,0.0
경기북서부,20230618,0.0,0.0
인천,20230618,0.0,0.0
서울,20230618,0.0,0.0
경기동부,20230618,0.0,0.0
경기중부,20230618,0.0,0.0
경기중부,20230619,0.0,0.0
경기북서부,20230619,0.0,0.0
인천,20230619,0.0,0.0
서울,20230619,0.0,0.0
경기동부,20230619,0.0,0.0
인천,20230620,0.643859649122807,0.0
경기북서부,20230620,0.02631578947368421,0.0
경기중부,20230620,0.21052631578947367,0.0
서울,20230620,0.04736842105263158,0.0
경기동부,20230620,0.018421052631578946,0.0
경기북서부,20230621,0.3315789473684211,0.0
경기동부,20230621,0.7131578947368421,0.0
인천,20230621,0.33508771929824566,0.0
경기중부,20230621,1.1842105263157894,0.0
서울,20230621,0.5684210526315789,0.0
경기북서부,20230622,0.16842105263157894,0.0
경기동부,20230622,0.034210526315789476,0.0
경기중부,20230622,0.005263157894736842,0.0
서울,20230622,0.0,0.0
인천,20230622,0.02982456140350877,0.0
경기동부,20230623,0.0,0.0
인천,20230623,0.0,0.0
서울,20230623,0.0,0.0
경기북서부,20230623,0.0,0.0
경기중부,20230623,0.0,0.0
경기북서부,20230624,0.0,0.0
서울,20230624,0.0,0.0
경기동부,20230624,0.0,0.0
인천,20230624,0.0,0.0
경기중부,20230624,0.0,0.0
경기중부,20230625,0.0,0.0
인천,20230625,0.0,0.0
서울,20230625,0.0,0.0
경기동부,20230625,0.0,0.0
경기북서부,20230625,0.0,0.0
경기북서부,20230626,1.8105263157894735,0.0
인천,20230626,1.0719298245614035,0.0
경기중부,20230626,1.2842105263157895,0.0
서울,20230626,1.5315789473684212,0.0
경기동부,20230626,1.8710526315789475,0.0
인천,20230627,0.03508771929824561,0.0
경기북서부,20230627,0.0,0.0
경기동부,20230627,0.3631578947368421,0.0
서울,20230627,0.0,0.0
경기중부,20230627,0.010526315789473684,0.0
경기중부,20230628,0.0,0.0
인천,20230628,0.0035087719298245615,0.0
서울,20230628,0.0,0.0
경기동부,20230628,0.0,0.0
경기북서부,20230628,0.0,0.0
경기중부,20230629,3.0736842105263156,0.0
인천,20230629,2.3754385964912283,0.0
경기동부,20230629,2.6578947368421053,0.0
서울,20230629,3.3578947368421055,0.0
경기북서부,20230629,3.736842105263158,0.0
인천,20230630,0.017543859649122806,0.0
서울,20230630,0.021052631578947368,0.0
경기북서부,20230630,0.4184210526315789,0.0
경기동부,20230630,0.005263157894736842,0.0
경기중부,20230630,0.02631578947368421,0.0
서울,20230701,0.0,0.0
경기동부,20230701,0.0,0.0
인천,20230701,0.0,0.0
경기북서부,20230701,0.0,0.0
경기중부,20230701,0.0,0.0
경기중부,20230702,0.0,0.0
서울,20230702,0.0,0.0
경기북서부,20230702,0.0,0.0
경기동부,20230702,0.0,0.0
인천,20230702,0.0,0.0
서울,20230703,0.0,0.0
경기북서부,20230703,0.0,0.0
경기동부,20230703,0.0,0.0
경기중부,20230703,0.0,0.0
인천,20230703,0.0,0.0
경기북서부,20230704,2.871052631578947,0.0
경기중부,20230704,1.1631578947368422,0.0
경기동부,20230704,2.1184210526315788,0.0
서울,20230704,3.210526315789474,0.0
인천,20230704,2.907017543859649,0.0
경기중부,20230705,0.021052631578947368,0.0
인천,20230705,0.143859649122807,0.0
경기동부,20230705,0.05789473684210527,0.0
경기북서부,20230705,0.2578947368421053,0.0
서울,20230705,0.042105263157894736,0.0
인천,20230706,0.0,0.0
서울,20230706,0.0,0.0
경기북서부,20230706,0.0,0.0
경기중부,20230706,0.0,0.0
경기동부,20230706,0.0,0.0
서울,20230707,0.0,0.0
경기북서부,20230707,0.0,0.0
경기중부,20230707,0.0,0.0
경기동부,20230707,0.0,0.0
인천,20230707,0.0,0.0
경기북서부,20230708,0.0,0.0
경기중부,20230708,0.005263157894736842,0.0
서울,20230708,0.0,0.0
경기동부,20230708,0.013157894736842105,0.0
인천,20230708,0.0,0.0
경기중부,20230709,1.6421052631578947,0.0
경기북서부,20230709,0.7578947368421052,0.0
인천,20230709,0.5684210526315789,0.0
경기동부,20230709,1.4657894736842105,0.0
서울,20230709,2.5,0.0
인천,20230710,0.05263157894736842,0.0
경기북서부,20230710,0.0,0.0
경기동부,20230710,1.1763157894736842,0.0
서울,20230710,0.6052631578947368,0.0
경기중부,20230710,1.1157894736842104,0.0
경기북서부,20230711,2.944736842105263,0.0
서울,20230711,3.068421052631579,0.0
경기동부,20230711,4.1947368421052635,0.0
인천,20230711,1.475438596491228,0.0
경기중부,20230711,2.610526315789474,0.0
경기북서부,20230712,0.17105263157894737,0.0
경기동부,20230712,0.002631578947368421,0.0
경기중부,20230712,0.010526315789473684,0.0
서울,20230712,0.010526315789473684,0.0
인천,20230712,0.0017543859649122807,0.0
경기중부,20230713,3.194736842105263,0.0
경기북서부,20230713,2.8342105263157897,0.0
서울,20230713,4.373684210526315,0.0
인천,20230713,3.856140350877193,0.0
경기동부,20230713,2.2026315789473685,0.0
경기중부,20230714,1.131578947368421,0.0
경기북서부,20230714,0.9657894736842106,0.0
인천,20230714,0.9140350877192983,0.0
서울,20230714,1.194736842105263,0.0
경기동부,20230714,2.5368421052631582,0.0
경기중부,20230715,0.1631578947368421,0.0
경기북서부,20230715,0.6973684210526315,0.0
인천,20230715,0.012280701754385967,0.0
서울,20230715,0.08947368421052632,0.0
경기동부,20230715,0.7921052631578948,0.0
인천,20230716,0.03508771929824561,0.0
경기중부,20230716,0.010526315789473684,0.0
경기북서부,20230716,0.07105263157894737,0.0
서울,20230716,0.5105263157894736,0.0
경기동부,20230716,0.002631578947368421,0.0
인천,20230717,0.02631578947368421,0.0
경기중부,20230717,0.4105263157894737,0.0
경기동부,20230717,0.35526315789473684,0.0
서울,20230717,0.0,0.0
경기북서부,20230717,0.14210526315789473,0.0
경기북서부,20230718,0.0,0.0
서울,20230718,0.1631578947368421,0.0
경기중부,20230718,3.0210526315789474,0.0
인천,20230718,0.043859649122807015,0.0
경기동부,20230718,1.7842105263157895,0.0
경기북서부,20230719,0.0,0.0
경기중부,20230719,0.0,0.0
서울,20230719,0.0,0.0
경기동부,20230719,0.0,0.0
인천,20230719,0.0,0.0
경기북서부,20230720,0.0,0.0
서울,20230720,0.0,0.0
인천,20230720,0.0,0.0
경기중부,20230720,0.0,0.0
경기동부,20230720,0.0,0.0
경기동부,20230721,0.0,0.0
서울,20230721,0.0,0.0
경기북서부,20230721,0.0,0.0
인천,20230721,0.0,0.0
경기중부,20230721,0.0,0.0
경기중부,20230722,0.6052631578947368,0.0
인천,20230722,0.787719298245614,0.0
서울,20230722,0.631578947368421,0.0
경기동부,20230722,0.08421052631578947,0.0
경기북서부,20230722,0.30526315789473685,0.0
경기중부,20230723,4.373684210526316,0.0
인천,20230723,1.8350877192982455,0.0
경기북서부,20230723,2.373684210526316,0.0
경기동부,20230723,1.4815789473684209,0.0
서울,20230723,2.063157894736842,0.0
경기북서부,20230724,0.0,0.0
경기동부,20230724,0.22631578947368425,0.0
인천,20230724,0.0,0.0
서울,20230724,0.0,0.0
경기중부,20230724,0.1631578947368421,0.0
경기동부,20230725,0.0,0.0
인천,20230725,0.06842105263157895,0.0
서울,20230725,0.2894736842105263,0.0
경기북서부,20230725,0.12631578947368421,0.0
경기중부,20230725,0.07368421052631578,0.0
인천,20230726,0.22631578947368425,0.0
경기동부,20230726,0.6868421052631579,0.0
경기북서부,20230726,1.3157894736842106,0.0
서울,20230726,0.05263157894736842,0.0
경기중부,20230726,1.0315789473684212,0.0
인천,20230727,0.0,0.0
경기동부,20230727,0.0,0.0
경기북서부,20230727,0.0,0.0
서울,20230727,0.0,0.0
경기중부,20230727,0.0,0.0
경기중부,20230728,0.0,0.0
경기동부,20230728,0.0,0.0
서울,20230728,0.0,0.0
인천,20230728,0.0,0.0
경기북서부,20230728,0.0,0.0
경기동부,20230729,0.0,0.0
경기중부,20230729,0.0,0.0
경기북서부,20230729,0.0,0.0
인천,20230729,0.30701754385964913,0.0
서울,20230729,0.0,0.0
인천,20230730,0.0,0.0
경기동부,20230730,0.0,0.0
경기중부,20230730,0.0,0.0
경기북서부,20230730,0.0,0.0
서울,20230730,1.3157894736842106,0.0
경기동부,20230731,2.213157894736842,0.0
인천,20230731,0.0,0.0
경기북서부,20230731,0.0,0.0
경기중부,20230731,0.0,0.0
서울,20230731,0.015789473684210527,0.0
경기중부,20230801,0.0,0.0
경기북서부,20230801,0.0,0.0
서울,20230801,0.0,0.0
인천,20230801,0.0,0.0
경기동부,20230801,0.0,0.0
서울,20230802,0.0,0.0
경기중부,20230802,0.0,0.0
인천,20230802,0.0,0.0
경기동부,20230802,0.0,0.0
경기북서부,20230802,0.0,0.0
경기중부,20230803,0.0,0.0
경기동부,20230803,0.0,0.0
인천,20230803,0.0,0.0
서울,20230803,0.0,0.0
경기북서부,20230803,0.0,0.0
경기중부,20230804,0.0,0.0
인천,20230804,0.0,0.0
서울,20230804,0.0,0.0
경기북서부,20230804,0.0,0.0
경기동부,20230804,0.0,0.0
서울,20230805,0.0,0.0
인천,20230805,0.0,0.0
경기북서부,20230805,0.0,0.0
경기중부,20230805,0.0,0.0
경기동부,20230805,0.0,0.0
경기동부,20230806,0.002631578947368421,0.0
인천,20230806,0.04035087719298245,0.0
경기중부,20230806,0.021052631578947368,0.0
서울,20230806,0.2578947368421053,0.0
경기북서부,20230806,0.0,0.0
경기북서부,20230807,0.0,0.0
인천,20230807,0.1368421052631579,0.0
경기중부,20230807,0.0,0.0
서울,20230807,0.0,0.0
경기동부,20230807,0.11578947368421054,0.0
경기동부,20230808,0.0,0.0
경기중부,20230808,0.0,0.0
경기북서부,20230808,0.0,0.0
서울,20230808,0.0,0.0
인천,20230808,0.0,0.0
경기동부,20230809,0.04473684210526316,0.0
경기중부,20230809,0.005263157894736842,0.0
서울,20230809,0.0,0.0
경기북서부,20230809,0.02631578947368421,0.0
인천,20230809,0.0,0.0
경기북서부,20230810,2.818421052631579,0.0
경기동부,20230810,3.276315789473684,0.0
인천,20230810,1.849122807017544,0.0
서울,20230810,4.405263157894737,0.0
경기중부,20230810,4.705263157894737,0.0
경기동부,20230811,0.37631578947368416,0.0
경기중부,20230811,0.3526315789473684,0.0
인천,20230811,1.0614035087719298,0.0
서울,20230811,2.0736842105263156,0.0
경기북서부,20230811,1.4421052631578946,0.0
경기동부,20230812,0.08684210526315789,0.0
서울,20230812,0.07368421052631578,0.0
경기중부,20230812,0.0,0.0
경기북서부,20230812,0.23421052631578948,0.0
인천,20230812,0.4473684210526316,0.0
서울,20230813,0.0,0.0
경기중부,20230813,0.0,0.0
경기북서부,20230813,0.0,0.0
인천,20230813,0.5789473684210527,0.0
경기동부,20230813,0.0,0.0
인천,20230814,0.07543859649122807,0.0
경기동부,20230814,0.0,0.0
서울,20230814,0.0,0.0
경기북서부,20230814,0.0,0.0
경기중부,20230814,0.0,0.0
경기북서부,20230815,0.0,0.0
경기동부,20230815,0.0,0.0
서울,20230815,0.0,0.0
인천,20230815,0.0,0.0
경기중부,20230815,0.0,0.0
경기동부,20230816,0.0,0.0
경기중부,20230816,0.0,0.0
서울,20230816,0.015789473684210527,0.0
경기북서부,20230816,0.0,0.0
인천,20230816,0.0,0.0
서울,20230817,0.0,0.0
경기북서부,20230817,0.0,0.0
경기중부,20230817,0.0,0.0
경기동부,20230817,0.0,0.0
인천,20230817,0.0,0.0
인천,20230818,0.0,0.0
경기동부,20230818,0.0,0.0
경기중부,20230818,0.0,0.0
서울,20230818,0.005263157894736842,0.0
경기북서부,20230818,0.028947368421052635,0.0
경기동부,20230819,0.0,0.0
인천,20230819,0.0,0.0
서울,20230819,0.0,0.0
경기북서부,20230819,0.0,0.0
경기중부,20230819,0.0,0.0
서울,20230820,0.0,0.0
경기동부,20230820,0.0,0.0
경기북서부,20230820,0.0,0.0
인천,20230820,0.0,0.0
경기중부,20230820,0.0,0.0
경기동부,20230821,0.0,0.0
인천,20230821,1.1543859649122807,0.0
경기북서부,20230821,0.031578947368421054,0.0
경기중부,20230821,0.0,0.0
서울,20230821,0.0,0.0
서울,20230822,2.2421052631578946,0.0
경기동부,20230822,0.16052631578947368,0.0
경기북서부,20230822,1.0342105263157895,0.0
인천,20230822,0.8508771929824561,0.0
경기중부,20230822,0.01578947368421053,0.0
인천,20230823,1.7526315789473685,0.0
경기북서부,20230823,2.9842105263157896,0.0
서울,20230823,2.1999999999999997,0.0
경기동부,20230823,3.134210526315789,0.0
경기중부,20230823,1.2263157894736842,0.0
경기중부,20230824,0.021052631578947368,0.0
인천,20230824,0.1298245614035088,0.0
경기북서부,20230824,0.4052631578947368,0.0
서울,20230824,0.03684210526315789,0.0
경기동부,20230824,1.1578947368421053,0.0
경기중부,20230825,0.0,0.0
인천,20230825,0.005263157894736842,0.0
경기동부,20230825,0.002631578947368421,0.0
서울,20230825,0.0,0.0
경기북서부,20230825,0.0,0.0
경기북서부,20230826,0.0,0.0
서울,20230826,0.0,0.0
경기동부,20230826,0.0,0.0
인천,20230826,0.0,0.0
경기중부,20230826,0.0,0.0
경기동부,20230827,0.002631578947368421,0.0
서울,20230827,0.0,0.0
인천,20230827,0.007017543859649123,0.0
경기북서부,20230827,0.0,0.0
경기중부,20230827,0.0,0.0
경기동부,20230828,0.08421052631578947,0.0
경기중부,20230828,1.3473684210526315,0.0
서울,20230828,0.5157894736842106,0.0
경기북서부,20230828,0.8263157894736842,0.0
인천,20230828,1.9596491228070176,0.0
경기중부,20230829,1.0263157894736843,0.0
서울,20230829,2.8157894736842106,0.0
경기북서부,20230829,1.9684210526315788,0.0
경기동부,20230829,1.1394736842105262,0.0
인천,20230829,0.9456140350877192,0.0
서울,20230830,0.18421052631578946,0.0
경기동부,20230830,0.5263157894736842,0.0
경기중부,20230830,0.2473684210526316,0.0
경기북서부,20230830,0.021052631578947368,0.0
인천,20230830,0.007017543859649122,0.0
인천,20230831,0.0,0.0
서울,20230831,0.0,0.0
경기동부,20230831,0.0,0.0
경기북서부,20230831,0.0,0.0
경기중부,20230831,0.0,0.0
서울,20230901,0.0,0.0
경기중부,20230901,0.0,0.0
경기동부,20230901,0.0,0.0
인천,20230901,0.0,0.0
경기북서부,20230901,0.0,0.0
경기중부,20230902,0.0,0.0
경기북서부,20230902,0.0,0.0
인천,20230902,0.0,0.0
경기동부,20230902,0.0,0.0
서울,20230902,0.0,0.0
경기북서부,20230903,0.0,0.0
인천,20230903,0.0,0.0
서울,20230903,0.005263157894736842,0.0
경기동부,20230903,0.02631578947368421,0.0
경기중부,20230903,0.05789473684210527,0.0
서울,20230904,0.005263157894736842,0.0
경기중부,20230904,0.0,0.0
인천,20230904,0.0736842105263158,0.0
경기북서부,20230904,0.8447368421052632,0.0
경기동부,20230904,0.018421052631578946,0.0
서울,20230905,0.0,0.0
경기동부,20230905,0.0,0.0
인천,20230905,0.0,0.0
경기북서부,20230905,0.0,0.0
경기중부,20230905,0.0,0.0
인천,20230906,0.0,0.0
경기중부,20230906,0.0,0.0
서울,20230906,0.0,0.0
경기북서부,20230906,0.0,0.0
경기동부,20230906,0.0,0.0
인천,20230907,0.0,0.0
경기북서부,20230907,0.0,0.0
서울,20230907,0.0,0.0
경기중부,20230907,0.0,0.0
경기동부,20230907,0.0,0.0
경기중부,20230908,0.0,0.0
경기동부,20230908,0.0,0.0
서울,20230908,0.0,0.0
인천,20230908,0.0,0.0
경기북서부,20230908,0.0,0.0
경기중부,20230909,0.0,0.0
서울,20230909,0.0,0.0
경기동부,20230909,0.0,0.0
경기북서부,20230909,0.0,0.0
인천,20230909,0.0,0.0
경기중부,20230910,0.0,0.0
경기동부,20230910,0.0,0.0
경기북서부,20230910,0.0,0.0
인천,20230910,0.0,0.0
서울,20230910,0.0,0.0
경기중부,20230911,0.0,0.0
경기동부,20230911,0.0,0.0
인천,20230911,0.0,0.0
서울,20230911,0.0,0.0
경기북서부,20230911,0.0,0.0
인천,20230912,0.0,0.0
서울,20230912,0.0,0.0
경기중부,20230912,0.0,0.0
경기북서부,20230912,0.0,0.0
경기동부,20230912,0.0,0.0
경기북서부,20230913,0.4342105263157895,0.0
서울,20230913,0.8368421052631579,0.0
경기동부,20230913,1.7842105263157895,0.0
인천,20230913,0.5912280701754387,0.0
경기중부,20230913,1.831578947368421,0.0
인천,20230914,0.0,0.0
경기동부,20230914,0.015789473684210527,0.0
경기북서부,20230914,0.0,0.0
경기중부,20230914,0.005263157894736842,0.0
서울,20230914,0.0,0.0
경기북서부,20230915,0.02368421052631579,0.0
인천,20230915,0.10175438596491228,0.0
경기중부,20230915,0.2631578947368421,0.0
서울,20230915,0.10526315789473684,0.0
경기동부,20230915,0.46315789473684216,0.0
경기북서부,20230916,0.12894736842105264,0.0
인천,20230916,0.6842105263157895,0.0
서울,20230916,1.5578947368421052,0.0
경기동부,20230916,0.5289473684210527,0.0
경기중부,20230916,0.19473684210526318,0.0
서울,20230917,0.46315789473684216,0.0
경기동부,20230917,0.1368421052631579,0.0
인천,20230917,0.11228070175438597,0.0
경기북서부,20230917,0.10526315789473684,0.0
경기중부,20230917,0.0,0.0
경기동부,20230918,0.002631578947368421,0.0
서울,20230918,0.0,0.0
경기중부,20230918,0.0,0.0
인천,20230918,0.045614035087719294,0.0
경기북서부,20230918,0.039473684210526314,0.0
경기북서부,20230919,0.0,0.0
서울,20230919,0.0,0.0
경기중부,20230919,0.0,0.0
경기동부,20230919,0.0,0.0
인천,20230919,0.0,0.0
경기북서부,20230920,0.15263157894736842,0.0
서울,20230920,1.857894736842105,0.0
경기중부,20230920,1.9210526315789473,0.0
인천,20230920,0.7543859649122807,0.0
경기동부,20230920,2.313157894736842,0.0
경기북서부,20230921,0.0,0.0
서울,20230921,0.0,0.0
인천,20230921,0.0017543859649122807,0.0
경기중부,20230921,0.0,0.0
경기동부,20230921,0.0,0.0
인천,20230922,0.0,0.0
경기동부,20230922,0.0,0.0
경기중부,20230922,0.0,0.0
서울,20230922,0.0,0.0
경기북서부,20230922,0.0,0.0
경기동부,20230923,0.0,0.0
경기중부,20230923,0.0,0.0
인천,20230923,0.0,0.0
서울,20230923,0.0,0.0
경기북서부,20230923,0.0,0.0
경기중부,20230924,0.0,0.0
경기북서부,20230924,0.0,0.0
인천,20230924,0.0,0.0
서울,20230924,0.0,0.0
경기동부,20230924,0.0,0.0
서울,20230925,0.05263157894736842,0.0
경기동부,20230925,0.06578947368421052,0.0
인천,20230925,0.03684210526315789,0.0
경기중부,20230925,0.0,0.0
경기북서부,20230925,0.02631578947368421,0.0
경기북서부,20230926,0.1605263157894737,0.0
인천,20230926,0.30350877192982456,0.0
서울,20230926,0.8526315789473684,0.0
경기중부,20230926,0.9368421052631579,0.0
경기동부,20230926,0.75,0.0
경기동부,20230927,0.3210526315789474,0.0
경기북서부,20230927,0.01842105263157895,0.0
인천,20230927,0.03508771929824561,0.0
서울,20230927,0.07368421052631578,0.0
경기중부,20230927,0.2947368421052632,0.0
경기북서부,20230928,0.0,0.0
경기동부,20230928,0.0,0.0
서울,20230928,0.0,0.0
인천,20230928,0.0,0.0
경기중부,20230928,0.0,0.0
서울,20230929,0.0,0.0
인천,20230929,0.0,0.0
경기중부,20230929,0.0,0.0
경기동부,20230929,0.0,0.0
경기북서부,20230929,0.0,0.0
인천,20230930,0.4719298245614035,0.0
경기동부,20230930,0.01578947368421053,0.0
경기중부,20230930,0.031578947368421054,0.0
경기북서부,20230930,0.013157894736842105,0.0
서울,20230930,0.22105263157894733,0.0
인천,20231001,0.0,0.0
서울,20231001,0.0,0.0
경기동부,20231001,0.0,0.0
경기중부,20231001,0.0,0.0
경기북서부,20231001,0.0,0.0
경기중부,20231002,0.0,0.0
경기동부,20231002,0.0,0.0
인천,20231002,0.0,0.0
서울,20231002,0.0,0.0
경기북서부,20231002,0.0,0.0
경기북서부,20231003,0.0,0.0
서울,20231003,0.0,0.0
경기동부,20231003,0.0,0.0
경기중부,20231003,0.0,0.0
인천,20231003,0.0,0.0
서울,20231004,0.7736842105263158,0.0
경기중부,20231004,0.11578947368421054,0.0
경기북서부,20231004,0.6157894736842104,0.0
인천,20231004,0.3754385964912281,0.0
경기동부,20231004,0.8394736842105263,0.0
경기북서부,20231005,0.0,0.0
서울,20231005,0.0,0.0
경기중부,20231005,0.0,0.0
경기동부,20231005,0.0,0.0
인천,20231005,0.0,0.0
경기중부,20231006,0.0,0.0
경기동부,20231006,0.0,0.0
인천,20231006,0.0,0.0
경기북서부,20231006,0.0,0.0
서울,20231006,0.0,0.0
경기중부,20231007,0.0,0.0
서울,20231007,0.0,0.0
경기북서부,20231007,0.0,0.0
경기동부,20231007,0.0,0.0
인천,20231007,0.0,0.0
서울,20231008,0.0,0.0
경기북서부,20231008,0.0,0.0
경기중부,20231008,0.0,0.0
인천,20231008,0.0035087719298245615,0.0
경기동부,20231008,0.0,0.0
인천,20231009,0.24385964912280703,0.0
경기중부,20231009,0.07894736842105263,0.0
경기북서부,20231009,0.0,0.0
서울,20231009,0.06315789473684211,0.0
경기동부,20231009,0.005263157894736842,0.0
경기북서부,20231010,0.0,0.0
인천,20231010,0.0,0.0
경기중부,20231010,0.0,0.0
경기동부,20231010,0.0,0.0
서울,20231010,0.0,0.0
경기동부,20231011,0.0,0.0
인천,20231011,0.0,0.0
경기중부,20231011,0.0,0.0
서울,20231011,0.0,0.0
경기북서부,20231011,0.0,0.0
경기북서부,20231012,0.0,0.0
인천,20231012,0.0,0.0
경기중부,20231012,0.0,0.0
서울,20231012,0.0,0.0
경기동부,20231012,0.0,0.0
경기북서부,20231013,0.0,0.0
경기중부,20231013,0.0,0.0
경기동부,20231013,0.0,0.0
서울,20231013,0.0,0.0
인천,20231013,0.0,0.0
경기동부,20231014,0.13157894736842105,0.0
경기북서부,20231014,0.14473684210526316,0.0
서울,20231014,0.30526315789473685,0.0
인천,20231014,0.33508771929824566,0.0
경기중부,20231014,0.29473684210526313,0.0
경기북서부,20231015,0.0,0.0
서울,20231015,0.0,0.0
경기동부,20231015,0.0,0.0
인천,20231015,0.0,0.0
경기중부,20231015,0.0,0.0
인천,20231016,0.0,0.0
서울,20231016,0.0,0.0
경기중부,20231016,0.0,0.0
경기동부,20231016,0.0,0.0
경기북서부,20231016,0.0,0.0
인천,20231017,0.0,0.0
경기동부,20231017,0.0,0.0
경기북서부,20231017,0.0,0.007894736842105263
서울,20231017,0.0,0.0
경기중부,20231017,0.0,0.0
경기북서부,20231018,0.0,0.0
인천,20231018,0.03859649122807018,0.0
서울,20231018,0.0,0.0
경기동부,20231018,0.0,0.0
경기중부,20231018,0.0,0.0
경기중부,20231019,1.2684210526315791,0.0
서울,20231019,0.431578947368421,0.0
경기동부,20231019,0.7105263157894737,0.0
인천,20231019,0.4105263157894737,0.0
경기북서부,20231019,0.18157894736842106,0.0
인천,20231020,0.0,0.0
서울,20231020,0.0,0.0
경기북서부,20231020,0.0,0.0
경기동부,20231020,0.0,0.0
경기중부,20231020,0.0,0.0
인천,20231021,0.0824561403508772,0.0
경기중부,20231021,0.12631578947368421,0.0
서울,20231021,0.05789473684210527,0.0
경기북서부,20231021,0.04736842105263158,0.0
경기동부,20231021,0.04736842105263158,0.0
경기동부,20231022,0.0,0.0
경기북서부,20231022,0.0,0.0
서울,20231022,0.0,0.0
경기중부,20231022,0.0,0.0
인천,20231022,0.0,0.0
인천,20231023,0.0,0.0
경기북서부,20231023,0.0,0.0
서울,20231023,0.0,0.0
경기중부,20231023,0.0,0.0
경기동부,20231023,0.0,0.0
서울,20231024,0.0,0.0
경기동부,20231024,0.0,0.0
경기북서부,20231024,0.0,0.0
경기중부,20231024,0.0,0.0
인천,20231024,0.0,0.0
경기중부,20231025,0.0,0.0
경기북서부,20231025,0.0,0.0
경기동부,20231025,0.0,0.0
서울,20231025,0.0,0.0
인천,20231025,0.0,0.0
서울,20231026,0.0,0.0
경기북서부,20231026,0.8447368421052632,0.0
인천,20231026,0.0,0.0
경기동부,20231026,0.6894736842105263,0.007894736842105263
경기중부,20231026,0.0,0.0
인천,20231027,0.0,0.0
서울,20231027,0.0,0.0
경기북서부,20231027,0.0,0.0
경기동부,20231027,0.013157894736842105,0.0
경기중부,20231027,0.0,0.0
경기중부,20231028,0.0,0.0
경기동부,20231028,0.0,0.0
경기북서부,20231028,0.0,0.0
인천,20231028,0.0,0.0
서울,20231028,0.0,0.0
경기동부,20231029,0.0,0.0
서울,20231029,0.0,0.0
경기북서부,20231029,0.0,0.0
인천,20231029,0.0,0.0
경기중부,20231029,0.0,0.0
경기중부,20231030,0.0,0.0
경기동부,20231030,0.0,0.0
경기북서부,20231030,0.0,0.0
서울,20231030,0.0,0.0
인천,20231030,0.0,0.0
경기동부,20231031,0.0,0.0
서울,20231031,0.0,0.0
경기북서부,20231031,0.0,0.0
인천,20231031,0.0,0.0
경기중부,20231031,0.0,0.0
인천,20231101,0.0,0.0
경기동부,20231101,0.0,0.0
경기중부,20231101,0.0,0.0
경기북서부,20231101,0.04473684210526316,0.0
서울,20231101,0.0,0.0
경기북서부,20231102,0.0,0.0
서울,20231102,0.0,0.0
경기동부,20231102,0.0,0.0
인천,20231102,0.0,0.0
경기중부,20231102,0.0,0.0
인천,20231103,0.0017543859649122807,0.0
경기북서부,20231103,0.1105263157894737,0.0
경기중부,20231103,0.10526315789473684,0.0
경기동부,20231103,0.02631578947368421,0.0
서울,20231103,0.4473684210526316,0.0
인천,20231104,0.0,0.0
경기북서부,20231104,0.0,0.0
경기동부,20231104,0.0,0.0
서울,20231104,0.0,0.0
경기중부,20231104,0.0,0.0
경기중부,20231105,1.1631578947368422,0.0
경기북서부,20231105,0.3736842105263158,0.0
인천,20231105,1.1771929824561402,0.0
경기동부,20231105,1.2289473684210528,0.0
서울,20231105,0.46842105263157896,0.0
인천,20231106,0.9228070175438596,0.0
서울,20231106,1.5157894736842104,0.0
경기중부,20231106,2.2157894736842105,0.0
경기동부,20231106,2.081578947368421,0.0
경기북서부,20231106,1.6710526315789473,0.0
경기중부,20231107,0.015789473684210527,0.0
서울,20231107,0.18947368421052632,0.0
인천,20231107,0.043859649122807015,0.0
경기동부,20231107,0.09210526315789473,0.0
경기북서부,20231107,0.0,0.0
경기중부,20231108,0.0,0.0
인천,20231108,0.0,0.0
서울,20231108,0.0,0.0
경기동부,20231108,0.0,0.0
경기북서부,20231108,0.0,0.0
서울,20231109,0.26842105263157895,0.0
인천,20231109,0.22456140350877193,0.0
경기중부,20231109,0.0,0.0
경기북서부,20231109,0.4289473684210526,0.0
경기동부,20231109,0.015789473684210527,0.0
경기북서부,20231110,0.0,0.0
서울,20231110,0.0,0.0
인천,20231110,0.0,0.0
경기동부,20231110,0.0,0.0
경기중부,20231110,0.0,0.0
인천,20231111,0.0,0.0
경기북서부,20231111,0.0,0.0
경기중부,20231111,0.0,0.0
경기동부,20231111,0.0,0.0
서울,20231111,0.0,0.0
경기중부,20231112,0.0,0.0
경기동부,20231112,0.0,0.0
인천,20231112,0.0,0.0
경기북서부,20231112,0.0,0.0
서울,20231112,0.0,0.0
서울,20231113,0.0,0.0
경기동부,20231113,0.0,0.0
경기북서부,20231113,0.0,0.0
경기중부,20231113,0.0,0.0
인천,20231113,0.0,0.0
서울,20231114,0.0,0.0
경기중부,20231114,0.0,0.0
경기북서부,20231114,0.0,0.0
인천,20231114,0.0,0.0
경기동부,20231114,0.0,0.0
경기중부,20231115,0.0,0.0
인천,20231115,0.0035087719298245615,0.0
경기동부,20231115,0.0,0.0
경기북서부,20231115,0.0,0.0
서울,20231115,0.0,0.0
경기북서부,20231116,0.44999999999999996,0.0
경기중부,20231116,0.5473684210526316,0.0
인천,20231116,0.5157894736842106,0.0
경기동부,20231116,0.2815789473684211,0.0
서울,20231116,0.4421052631578948,0.0
경기중부,20231117,0.07894736842105263,0.005263157894736842
인천,20231117,0.05789473684210526,0.008771929824561403
경기북서부,20231117,0.0,0.0
서울,20231117,0.0,0.0
경기동부,20231117,0.005263157894736842,0.0
경기중부,20231118,0.0,0.0
경기동부,20231118,0.0,0.0
인천,20231118,0.0,0.0035087719298245615
서울,20231118,0.0,0.0
경기북서부,20231118,0.0,0.002631578947368421
인천,20231119,0.0,0.0
경기동부,20231119,0.0,0.0
경기북서부,20231119,0.0,0.0
서울,20231119,0.0,0.0
경기중부,20231119,0.0,0.0
경기중부,20231120,0.0,0.0
경기북서부,20231120,0.0,0.0
서울,20231120,0.0,0.0
인천,20231120,0.0,0.0
경기동부,20231120,0.0,0.0
경기동부,20231121,0.0,0.0
서울,20231121,0.0,0.0
경기중부,20231121,0.0,0.0
인천,20231121,0.0,0.0
경기북서부,20231121,0.0,0.0
인천,20231122,0.0,0.0
경기중부,20231122,0.0,0.0
경기동부,20231122,0.0,0.0
경기북서부,20231122,0.0,0.0
서울,20231122,0.0,0.0
경기중부,20231123,0.0,0.0
경기북서부,20231123,0.0,0.0
인천,20231123,0.0,0.0
서울,20231123,0.005263157894736842,0.0
경기동부,20231123,0.010526315789473684,0.0
인천,20231124,0.0,0.0
경기동부,20231124,0.0,0.0
경기중부,20231124,0.0,0.0
서울,20231124,0.0,0.0
경기북서부,20231124,0.0,0.0
인천,20231125,0.0,0.0
경기중부,20231125,0.0,0.0
서울,20231125,0.0,0.0
경기북서부,20231125,0.0,0.0
경기동부,20231125,0.0,0.0
인천,20231126,0.17017543859649126,0.0
경기북서부,20231126,0.0,0.0
서울,20231126,0.0,0.0
경기동부,20231126,0.0,0.0
경기중부,20231126,0.0,0.0
경기중부,20231127,0.12105263157894738,0.0
경기북서부,20231127,0.24210526315789477,0.0
서울,20231127,0.14210526315789473,0.0
인천,20231127,0.32456140350877194,0.0
경기동부,20231127,0.27631578947368424,0.0
경기북서부,20231128,0.0,0.0
서울,20231128,0.0,0.0
인천,20231128,0.0,0.0
경기동부,20231128,0.0,0.0
경기중부,20231128,0.0,0.0
경기동부,20231129,0.021052631578947368,0.0
경기북서부,20231129,0.013157894736842105,0.0
경기중부,20231129,0.010526315789473684,0.0
인천,20231129,0.08596491228070174,0.22631578947368422
서울,20231129,0.0,0.0
경기중부,20231130,0.0,0.0
인천,20231130,0.0,0.0
경기동부,20231130,0.0,0.0
서울,20231130,0.0,0.0
경기북서부,20231130,0.0,0.0
경기중부,20231201,0.0,0.0
경기동부,20231201,0.0,0.0
서울,20231201,0.0,0.0
경기북서부,20231201,0.0,0.0
인천,20231201,0.0017543859649122807,0.0
경기북서부,20231202,0.0,0.0
서울,20231202,0.0,0.0
인천,20231202,0.0035087719298245615,0.0
경기중부,20231202,0.0,0.0
경기동부,20231202,0.0,0.0
경기북서부,20231203,0.0,0.0
경기동부,20231203,0.005263157894736842,0.0
경기중부,20231203,0.0,0.0
인천,20231203,0.0,0.0
서울,20231203,0.0,0.0
경기북서부,20231204,0.0,0.0
경기동부,20231204,0.0,0.0
경기중부,20231204,0.0,0.0
인천,20231204,0.0,0.0
서울,20231204,0.0,0.0
인천,20231205,0.0,0.0
경기동부,20231205,0.0,0.0
서울,20231205,0.0,0.0
경기중부,20231205,0.0,0.0
경기북서부,20231205,0.0,0.0
경기동부,20231206,0.42894736842105263,0.0
경기중부,20231206,0.08947368421052632,0.0
경기북서부,20231206,0.07894736842105263,0.0
인천,20231206,0.05087719298245614,0.0
서울,20231206,0.2,0.0
인천,20231207,0.0,0.0
경기중부,20231207,0.0,0.0
서울,20231207,0.0,0.0
경기북서부,20231207,0.0,0.0
경기동부,20231207,0.0,0.0
서울,20231208,0.0,0.0
경기북서부,20231208,0.0,0.0
경기동부,20231208,0.0,0.0
인천,20231208,0.0,0.0
경기중부,20231208,0.0,0.0
인천,20231209,0.0,0.0
서울,20231209,0.0,0.0
경기북서부,20231209,0.0,0.0
경기동부,20231209,0.0,0.0
경기중부,20231209,0.0,0.0
인천,20231210,0.0,0.0
경기동부,20231210,0.0,0.0
경기중부,20231210,0.0,0.0
경기북서부,20231210,0.0,0.0
서울,20231210,0.0,0.0
경기동부,20231211,0.5894736842105263,0.0
인천,20231211,1.0491228070175438,0.0
경기북서부,20231211,0.7947368421052632,0.0
경기중부,20231211,0.7000000000000001,0.0
서울,20231211,0.5789473684210527,0.0
경기북서부,20231212,0.06578947368421052,0.0
경기동부,20231212,0.028947368421052635,0.0
경기중부,20231212,0.01578947368421053,0.0
서울,20231212,0.042105263157894736,0.0
인천,20231212,0.02105263157894737,0.0
경기동부,20231213,0.0,0.0
서울,20231213,0.0,0.0
경기중부,20231213,0.0,0.0
경기북서부,20231213,0.0,0.0
인천,20231213,0.0,0.0
경기중부,20231214,0.5631578947368421,0.0
경기동부,20231214,0.5368421052631579,0.0
서울,20231214,0.5368421052631579,0.0
경기북서부,20231214,0.6605263157894737,0.0
인천,20231214,0.7947368421052631,0.0
경기중부,20231215,1.6684210526315788,0.0
서울,20231215,1.536842105263158,0.0
경기북서부,20231215,0.9684210526315788,0.0
경기동부,20231215,1.844736842105263,0.0
인천,20231215,0.8140350877192982,0.0
경기중부,20231216,0.30526315789473685,2.4210526315789473
경기동부,20231216,0.15,0.1368421052631579
경기북서부,20231216,0.06842105263157895,0.005263157894736842
서울,20231216,0.13157894736842105,0.2421052631578947
인천,20231216,0.021052631578947368,0.20175438596491227
인천,20231217,0.014035087719298246,0.37543859649122807
경기동부,20231217,0.0,0.0
경기중부,20231217,0.0,0.9052631578947368
경기북서부,20231217,0.0,0.0
서울,20231217,0.0,0.0
경기북서부,20231218,0.0,0.0
경기중부,20231218,0.0,0.8
인천,20231218,0.019298245614035085,1.129824561403509
경기동부,20231218,0.0,0.0
서울,20231218,0.0,0.0
경기중부,20231219,0.0,0.4789473684210526
인천,20231219,0.10701754385964912,2.2228070175438597
경기동부,20231219,0.0,0.0
서울,20231219,0.0,0.042105263157894736
경기북서부,20231219,0.0,0.0
경기중부,20231220,0.0,2.4210526315789473
서울,20231220,0.015789473684210527,1.0157894736842106
경기동부,20231220,0.002631578947368421,0.38947368421052636
인천,20231220,0.02982456140350877,2.949122807017544
경기북서부,20231220,0.005263157894736842,0.002631578947368421
서울,20231221,0.0,0.4526315789473684
인천,20231221,0.015789473684210523,1.8859649122807018
경기중부,20231221,0.0,1.7736842105263155
경기동부,20231221,0.0,0.0
경기북서부,20231221,0.0,0.0
경기동부,20231222,0.0,0.0
서울,20231222,0.0,0.28421052631578947
인천,20231222,0.008771929824561403,1.4842105263157894
경기북서부,20231222,0.0,0.0
경기중부,20231222,0.0,1.5210526315789472
인천,20231223,0.0,1.6754385964912282
경기중부,20231223,0.0,1.0473684210526315
서울,20231223,0.0,0.08421052631578947
경기동부,20231223,0.0,0.0
경기북서부,20231223,0.0,0.0
경기중부,20231224,0.010526315789473684,2.068421052631579
경기동부,20231224,0.02631578947368421,0.1763157894736842
인천,20231224,0.04035087719298245,2.543859649122807
서울,20231224,0.05789473684210527,0.5105263157894736
경기북서부,20231224,0.0,0.0
경기북서부,20231225,0.021052631578947368,0.38421052631578945
경기동부,20231225,0.049999999999999996,0.6105263157894737
인천,20231225,0.015789473684210527,1.5105263157894735
서울,20231225,0.02631578947368421,1.0210526315789472
경기중부,20231225,0.10526315789473684,3.205263157894737
인천,20231226,0.0,0.4368421052631579
경기북서부,20231226,0.0,0.0
서울,20231226,0.0,0.0
경기동부,20231226,0.0,0.0
경기중부,20231226,0.0,0.8631578947368422
경기북서부,20231227,0.0,0.0
서울,20231227,0.0,0.0
인천,20231227,0.0,0.0
경기중부,20231227,0.0,0.0
경기동부,20231227,0.0,0.0
경기동부,20231228,0.0,0.0
경기북서부,20231228,0.0,0.0
서울,20231228,0.0,0.0
경기중부,20231228,0.0,0.0
인천,20231228,0.0,0.0
경기중부,20231229,0.0,0.0
인천,20231229,0.0,0.0
서울,20231229,0.0,0.0
경기동부,20231229,0.0,0.0
경기북서부,20231229,0.0,0.0
경기동부,20231230,0.5973684210526315,6.018421052631578
경기북서부,20231230,0.47105263157894733,4.657894736842105
경기중부,20231230,0.34210526315789475,0.38947368421052636
인천,20231230,0.5105263157894737,2.387719298245614
서울,20231230,0.6,7.126315789473685
경기북서부,20231231,0.4947368421052632,1.7473684210526317
경기중부,20231231,0.1105263157894737,0.010526315789473684
인천,20231231,0.2614035087719298,0.41403508771929826
서울,20231231,0.29473684210526313,3.7947368421052627
경기동부,20231231,0.3447368421052632,3.702631578947368
경기동부,20240101,0.0,1.4921052631578948
인천,20240101,0.0,0.0
서울,20240101,0.0,1.0473684210526315
경기북서부,20240101,0.0,0.3157894736842105
경기중부,20240101,0.0,0.0
경기중부,20240102,0.0,0.0
인천,20240102,0.0,0.0
서울,20240102,0.0,0.0
경기북서부,20240102,0.0,0.0
경기동부,20240102,0.0,0.631578947368421
경기북서부,20240103,0.005263157894736842,0.0
경기중부,20240103,0.09999999999999999,0.0
인천,20240103,0.0,0.0
서울,20240103,0.031578947368421054,0.0
경기동부,20240103,0.07368421052631578,0.22894736842105262
서울,20240104,0.0,0.0
경기북서부,20240104,0.0,0.0
인천,20240104,0.0,0.0
경기중부,20240104,0.0,0.0
경기동부,20240104,0.0,0.08421052631578947
경기중부,20240105,0.0,0.0
인천,20240105,0.0,0.0
서울,20240105,0.0,0.0
경기북서부,20240105,0.0,0.0
경기동부,20240105,0.002631578947368421,0.0
서울,20240106,0.12631578947368421,1.0473684210526315
경기중부,20240106,0.031578947368421054,0.4052631578947368
경기북서부,20240106,0.018421052631578946,0.09210526315789473
경기동부,20240106,0.010526315789473684,0.19210526315789472
인천,20240106,0.0824561403508772,0.3982456140350877
인천,20240107,0.0,0.6491228070175439
경기중부,20240107,0.0,0.7315789473684211
서울,20240107,0.0,2.7526315789473683
경기북서부,20240107,0.005263157894736842,0.1394736842105263
경기동부,20240107,0.04736842105263158,0.5131578947368421
경기북서부,20240108,0.0,0.0
경기중부,20240108,0.0,0.0
경기동부,20240108,0.0,0.0
인천,20240108,0.0,0.22631578947368422
서울,20240108,0.0,0.8368421052631579
경기북서부,20240109,0.07105263157894737,0.5105263157894737
인천,20240109,0.04912280701754386,0.5228070175438596
서울,20240109,0.08421052631578947,1.963157894736842
경기중부,20240109,0.15789473684210525,0.7578947368421053
경기동부,20240109,0.15263157894736842,1.063157894736842
인천,20240110,0.0,0.30000000000000004
서울,20240110,0.0,2.389473684210526
경기북서부,20240110,0.0,0.37368421052631584
경기동부,20240110,0.0,1.131578947368421
경기중부,20240110,0.0,0.6421052631578947
경기동부,20240111,0.0,0.2736842105263158
서울,20240111,0.0,0.9684210526315788
경기중부,20240111,0.0,0.0
경기북서부,20240111,0.0,0.0
인천,20240111,0.0,0.0456140350877193
인천,20240112,0.0,0.0
경기중부,20240112,0.0,0.0
서울,20240112,0.0,0.0
경기동부,20240112,0.0,0.0
경기북서부,20240112,0.0,0.0
경기중부,20240113,0.0,0.0
인천,20240113,0.0,0.0
경기동부,20240113,0.0,0.0
경기북서부,20240113,0.0,0.0
서울,20240113,0.0,0.0
경기북서부,20240114,0.18947368421052632,0.8447368421052632
인천,20240114,0.1614035087719298,0.0
서울,20240114,0.1631578947368421,0.0
경기중부,20240114,0.13157894736842105,0.0
경기동부,20240114,0.17368421052631577,0.0
경기중부,20240115,0.0,0.0
서울,20240115,0.0,0.0
경기북서부,20240115,0.0,1.2710526315789472
경기동부,20240115,0.0,0.0
인천,20240115,0.0,0.0
경기중부,20240116,0.0,0.0
서울,20240116,0.0,0.0
경기북서부,20240116,0.0,0.781578947368421
경기동부,20240116,0.0,0.0
인천,20240116,0.0,0.0
서울,20240117,0.3684210526315789,0.9526315789473685
경기북서부,20240117,0.2657894736842105,1.9605263157894737
경기동부,20240117,0.3,0.21052631578947367
경기중부,20240117,0.3684210526315789,0.0
인천,20240117,0.36666666666666664,0.9543859649122807
경기중부,20240118,0.17894736842105263,0.0
서울,20240118,0.14210526315789473,0.28421052631578947
경기동부,20240118,0.15,0.02631578947368421
경기북서부,20240118,0.07105263157894737,0.9157894736842106
인천,20240118,0.0807017543859649,0.2789473684210526
인천,20240119,0.0,0.0
경기중부,20240119,0.0,0.0
서울,20240119,0.0,0.0
경기북서부,20240119,0.0,0.01578947368421053
경기동부,20240119,0.0,0.0
경기북서부,20240120,0.031578947368421054,0.002631578947368421
경기동부,20240120,0.09210526315789473,0.0
서울,20240120,0.021052631578947368,0.0
경기중부,20240120,0.07368421052631578,0.0
인천,20240120,0.043859649122807015,0.04912280701754387
서울,20240121,0.021052631578947368,0.0
경기동부,20240121,0.013157894736842105,0.0
경기중부,20240121,0.0,0.0
경기북서부,20240121,0.005263157894736842,0.0
인천,20240121,0.007017543859649123,0.007017543859649123
서울,20240122,0.010526315789473684,0.7052631578947368
경기중부,20240122,0.005263157894736842,0.3105263157894737
인천,20240122,0.0,0.0807017543859649
경기동부,20240122,0.0,0.007894736842105265
경기북서부,20240122,0.0,0.0
인천,20240123,0.0,0.09824561403508772
경기동부,20240123,0.0,0.0
서울,20240123,0.0,0.0
경기북서부,20240123,0.0,0.0
경기중부,20240123,0.0,0.0
경기중부,20240124,0.0,0.0
경기동부,20240124,0.0,0.0
경기북서부,20240124,0.0,0.0
인천,20240124,0.0,0.017543859649122806
서울,20240124,0.0,0.0
경기중부,20240125,0.0,0.0
인천,20240125,0.0,0.0
경기북서부,20240125,0.0,0.0
서울,20240125,0.0,0.0
경기동부,20240125,0.0,0.0
서울,20240126,0.0,0.0
경기중부,20240126,0.0,0.0
경기북서부,20240126,0.0,0.0
경기동부,20240126,0.0,0.0
인천,20240126,0.0,0.0
인천,20240127,0.0,0.0
경기동부,20240127,0.0,0.0
경기중부,20240127,0.0,0.0
경기북서부,20240127,0.0,0.0
서울,20240127,0.0,0.0
경기중부,20240128,0.0,0.0
인천,20240128,0.0,0.0
서울,20240128,0.0,0.0
경기동부,20240128,0.0,0.0
경기북서부,20240128,0.0,0.0
서울,20240129,0.0,0.0
경기동부,20240129,0.0,0.0
인천,20240129,0.0,0.0
경기중부,20240129,0.0,0.0
경기북서부,20240129,0.0,0.0
경기동부,20240130,0.0,0.0
인천,20240130,0.0,0.0
경기북서부,20240130,0.0,0.0
서울,20240130,0.0,0.0
경기중부,20240130,0.0,0.0
경기중부,20240131,0.0,0.0
경기북서부,20240131,0.0,0.0
서울,20240131,0.0,0.0
경기동부,20240131,0.0,0.0
인천,20240131,0.0,0.0
경기중부,20240201,0.0,0.0
인천,20240201,0.0,0.0
경기동부,20240201,0.0,0.0
경기북서부,20240201,0.0,0.0
서울,20240201,0.0,0.0
인천,20240202,0.0,0.0
경기북서부,20240202,0.0,0.0
경기동부,20240202,0.0,0.0
서울,20240202,0.0,0.0
경기중부,20240202,0.0,0.0
경기동부,20240203,0.002631578947368421,0.0
인천,20240203,0.0,0.0
서울,20240203,0.0,0.0
경기북서부,20240203,0.0,0.0
경기중부,20240203,0.021052631578947368,0.0
인천,20240204,0.0,0.0
서울,20240204,0.0,0.0
경기북서부,20240204,0.0,0.0
경기중부,20240204,0.010526315789473684,0.0
경기동부,20240204,0.005263157894736842,0.0
인천,20240205,0.39649122807017545,0.4263157894736842
경기동부,20240205,0.17105263157894737,0.3368421052631579
경기중부,20240205,0.17894736842105263,0.0
경기북서부,20240205,0.14473684210526316,1.0
서울,20240205,0.12631578947368421,0.8105263157894737
서울,20240206,0.021052631578947368,1.2473684210526315
인천,20240206,0.03333333333333333,1.468421052631579
경기중부,20240206,0.015789473684210527,0.010526315789473684
경기동부,20240206,0.049999999999999996,1.063157894736842
경기북서부,20240206,0.04473684210526316,2.0894736842105264
서울,20240207,0.0,0.0
경기북서부,20240207,0.0,0.2210526315789474
인천,20240207,0.0,0.45263157894736844
경기중부,20240207,0.0,0.0
경기동부,20240207,0.0,0.0
경기중부,20240208,0.0,0.0
인천,20240208,0.0,0.07017543859649122
경기동부,20240208,0.0,0.0
서울,20240208,0.0,0.0
경기북서부,20240208,0.0,0.0
경기중부,20240209,0.0,0.0
경기동부,20240209,0.0,0.0
경기북서부,20240209,0.0,0.0
서울,20240209,0.0,0.0
인천,20240209,0.0,0.0
경기동부,20240210,0.0,0.0
서울,20240210,0.0,0.0
경기중부,20240210,0.0,0.0
인천,20240210,0.0,0.0
경기북서부,20240210,0.0,0.0
경기중부,20240211,0.0,0.0
경기북서부,20240211,0.0,0.0
서울,20240211,0.0,0.0
경기동부,20240211,0.0,0.0
인천,20240211,0.0,0.0
서울,20240212,0.0,0.0
경기중부,20240212,0.0,0.0
경기북서부,20240212,0.0,0.0
경기동부,20240212,0.0,0.0
인천,20240212,0.0,0.0
인천,20240213,0.0,0.0
경기동부,20240213,0.0,0.0
서울,20240213,0.0,0.0
경기중부,20240213,0.0,0.0
경기북서부,20240213,0.0,0.0
경기동부,20240214,0.002631578947368421,0.0
서울,20240214,0.0,0.0
경기북서부,20240214,0.0,0.0
경기중부,20240214,0.0,0.0
인천,20240214,0.0,0.0
경기중부,20240215,0.3368421052631579,0.0
경기북서부,20240215,0.5842105263157894,0.049999999999999996
경기동부,20240215,0.2157894736842105,0.0
서울,20240215,0.5736842105263157,0.13157894736842105
인천,20240215,0.3157894736842105,0.06315789473684211
경기동부,20240216,0.0,0.0
경기북서부,20240216,0.0,0.02631578947368421
인천,20240216,0.0,0.0
서울,20240216,0.0,0.0
경기중부,20240216,0.0,0.0
경기동부,20240217,0.0,0.0
인천,20240217,0.0,0.0
경기북서부,20240217,0.0,0.0
서울,20240217,0.0,0.0
경기중부,20240217,0.0,0.0
경기동부,20240218,0.31315789473684214,0.0
경기북서부,20240218,0.5131578947368421,0.0
경기중부,20240218,0.431578947368421,0.0
서울,20240218,0.4052631578947368,0.0
인천,20240218,0.5263157894736842,0.0
경기동부,20240219,1.0473684210526315,0.0
경기중부,20240219,0.6789473684210526,0.0
경기북서부,20240219,0.5947368421052632,0.0
인천,20240219,0.49824561403508777,0.0
서울,20240219,0.6578947368421053,0.0
경기중부,20240220,0.11578947368421054,0.0
인천,20240220,0.05964912280701755,0.0
서울,20240220,0.12105263157894736,0.0
경기북서부,20240220,0.06315789473684211,0.0
경기동부,20240220,0.15526315789473685,0.0
경기중부,20240221,0.9526315789473685,0.0
인천,20240221,0.6543859649122806,0.3824561403508772
경기동부,20240221,0.7657894736842106,0.2552631578947368
경기북서부,20240221,0.5210526315789474,1.5368421052631578
서울,20240221,0.7947368421052632,0.5421052631578948
경기북서부,20240222,0.23157894736842108,8.407894736842104
인천,20240222,0.2982456140350877,6.756140350877193
서울,20240222,0.39473684210526316,11.478947368421052
경기동부,20240222,0.27631578947368424,5.397368421052631
경기중부,20240222,0.35789473684210527,4.605263157894737
경기동부,20240223,0.005263157894736842,1.7289473684210528
인천,20240223,0.0,3.8
서울,20240223,0.0,5.742105263157895
경기중부,20240223,0.005263157894736842,1.2578947368421052
경기북서부,20240223,0.015789473684210527,5.113157894736842
인천,20240224,0.031578947368421054,1.4140350877192982
서울,20240224,0.06842105263157895,0.8578947368421053
경기북서부,20240224,0.034210526315789476,1.644736842105263
경기중부,20240224,0.031578947368421054,0.0
경기동부,20240224,0.044736842105263165,0.10263157894736842
경기북서부,20240225,0.08157894736842106,1.6578947368421053
경기동부,20240225,0.14473684210526316,0.5289473684210527
경기중부,20240225,0.08421052631578947,0.0
인천,20240225,0.09649122807017543,1.1842105263157894
서울,20240225,0.10526315789473684,0.02631578947368421
경기북서부,20240226,0.0,0.0
경기중부,20240226,0.0,0.0
경기동부,20240226,0.0,0.0
서울,20240226,0.0,0.0
인천,20240226,0.0,0.028070175438596492
서울,20240227,0.0,0.0
경기북서부,20240227,0.0,0.0
인천,20240227,0.0,0.0
경기동부,20240227,0.0,0.0
경기중부,20240227,0.0,0.0
인천,20240228,0.0,0.0
경기중부,20240228,0.0,0.0
경기북서부,20240228,0.0,0.0
경기동부,20240228,0.0,0.0
서울,20240228,0.0,0.0
경기동부,20240229,0.0,0.0
경기중부,20240229,0.0,0.0
경기북서부,20240229,0.0,0.0
인천,20240229,0.0,0.0
서울,20240229,0.0,0.0
서울,20240301,0.0,0.0
경기북서부,20240301,0.0,0.0
경기동부,20240301,0.0,0.0
인천,20240301,0.0,0.0
경기중부,20240301,0.0,0.0
경기북서부,20240302,0.0,0.0
경기동부,20240302,0.0,0.0
서울,20240302,0.0,0.0
인천,20240302,0.0,0.0
경기중부,20240302,0.0,0.0
경기북서부,20240303,0.0,0.0
경기동부,20240303,0.005263157894736842,0.0
인천,20240303,0.0,0.0
서울,20240303,0.0,0.0
경기중부,20240303,0.0,0.0
경기동부,20240304,0.0,0.0
인천,20240304,0.0,0.0
경기중부,20240304,0.0,0.0
경기북서부,20240304,0.0,0.0
서울,20240304,0.0,0.0
경기중부,20240305,0.0,0.0
경기동부,20240305,0.0,0.0
경기북서부,20240305,0.0,0.0
서울,20240305,0.0,0.0
인천,20240305,0.0,0.0
경기북서부,20240306,0.0,0.0
경기동부,20240306,0.0,0.0
서울,20240306,0.0,0.0
인천,20240306,0.0,0.0
경기중부,20240306,0.0,0.0
인천,20240307,0.0,0.0
서울,20240307,0.1105263157894737,0.0
경기중부,20240307,0.0,0.0
경기동부,20240307,0.034210526315789476,0.0
경기북서부,20240307,0.021052631578947368,0.0
경기북서부,20240308,0.0,0.0
경기중부,20240308,0.0,0.0
경기동부,20240308,0.0,0.0
서울,20240308,0.0,0.0
인천,20240308,0.0,0.0
서울,20240309,0.0,0.0
인천,20240309,0.0,0.0
경기동부,20240309,0.0,0.0
경기북서부,20240309,0.0,0.0
경기중부,20240309,0.0,0.0
경기북서부,20240310,0.0,0.0
경기동부,20240310,0.0,0.0
서울,20240310,0.0,0.0
인천,20240310,0.0,0.0
경기중부,20240310,0.0,0.0
경기북서부,20240311,0.0,0.0
서울,20240311,0.0,0.0
인천,20240311,0.0,0.0
경기동부,20240311,0.0,0.0
경기중부,20240311,0.0,0.0
경기중부,20240312,0.12631578947368424,0.0
서울,20240312,0.11052631578947367,0.0
인천,20240312,0.0649122807017544,0.0
경기동부,20240312,0.018421052631578946,0.0
경기북서부,20240312,0.021052631578947368,0.0
인천,20240313,0.0,0.0
경기중부,20240313,0.0,0.0
경기동부,20240313,0.0,0.0
경기북서부,20240313,0.0,0.0
서울,20240313,0.0,0.0
서울,20240314,0.0,0.0
경기중부,20240314,0.0,0.0
경기북서부,20240314,0.0,0.0
경기동부,20240314,0.0,0.0
인천,20240314,0.0,0.0
경기북서부,20240315,0.0,0.0
경기중부,20240315,0.0,0.0
서울,20240315,0.0,0.0
인천,20240315,0.0,0.0
경기동부,20240315,0.0,0.0
서울,20240316,0.0,0.0
경기중부,20240316,0.0,0.0
경기북서부,20240316,0.0,0.0
경기동부,20240316,0.0,0.0
인천,20240316,0.0,0.0
경기동부,20240317,0.002631578947368421,0.0
경기북서부,20240317,0.007894736842105263,0.0
경기중부,20240317,0.02631578947368421,0.0
인천,20240317,0.0017543859649122807,0.0
서울,20240317,0.005263157894736842,0.0
인천,20240318,0.0,0.0
서울,20240318,0.0,0.0
경기중부,20240318,0.0,0.0
경기북서부,20240318,0.0,0.0
경기동부,20240318,0.0,0.0
경기북서부,20240319,0.01842105263157895,0.0
경기동부,20240319,0.12631578947368421,0.0
경기중부,20240319,0.09999999999999999,0.0
인천,20240319,0.0,0.0
서울,20240319,0.010526315789473684,0.0
경기동부,20240320,0.002631578947368421,0.0
인천,20240320,0.0,0.0
경기중부,20240320,0.0,0.0
서울,20240320,0.0,0.0
경기북서부,20240320,0.007894736842105263,0.0
서울,20240321,0.0,0.0
인천,20240321,0.0,0.0
경기북서부,20240321,0.0,0.0
경기동부,20240321,0.0,0.0
경기중부,20240321,0.0,0.0
경기북서부,20240322,0.3815789473684211,0.0
서울,20240322,0.25789473684210523,0.0
경기동부,20240322,0.19473684210526318,0.0
경기중부,20240322,0.1105263157894737,0.0
인천,20240322,0.012280701754385965,0.0
경기중부,20240323,0.0,0.0
경기북서부,20240323,0.11578947368421054,0.0
경기동부,20240323,0.028947368421052635,0.0
인천,20240323,0.0,0.0
서울,20240323,0.02631578947368421,0.0
경기동부,20240324,0.0,0.0
경기중부,20240324,0.0,0.0
경기북서부,20240324,0.0,0.0
인천,20240324,0.0,0.0
서울,20240324,0.0,0.0
경기북서부,20240325,0.10789473684210525,0.0
경기중부,20240325,0.17894736842105266,0.0
인천,20240325,0.16842105263157894,0.0
경기동부,20240325,0.2236842105263158,0.0
서울,20240325,0.21052631578947367,0.0
인천,20240326,0.41403508771929826,0.0
경기중부,20240326,0.5736842105263158,0.0
경기동부,20240326,0.5026315789473684,0.0
경기북서부,20240326,0.4789473684210526,0.01578947368421053
서울,20240326,0.4473684210526316,0.0
경기동부,20240327,0.0,0.0
인천,20240327,0.0,0.0
경기중부,20240327,0.0,0.0
서울,20240327,0.0,0.0
경기북서부,20240327,0.0,0.0
인천,20240328,0.1649122807017544,0.0
경기동부,20240328,0.18684210526315792,0.0
경기중부,20240328,0.11578947368421054,0.0
경기북서부,20240328,0.10263157894736842,0.0
서울,20240328,0.1,0.0
인천,20240329,0.20877192982456141,0.0
서울,20240329,0.07368421052631578,0.0
경기동부,20240329,0.07631578947368421,0.0
경기중부,20240329,0.09999999999999999,0.0
경기북서부,20240329,0.1,0.0
인천,20240330,0.0,0.0
경기중부,20240330,0.0,0.0
경기동부,20240330,0.0,0.0
서울,20240330,0.0,0.0
경기북서부,20240330,0.0,0.0
인천,20240331,0.0,0.0
경기중부,20240331,0.0,0.0
서울,20240331,0.0,0.0
경기북서부,20240331,0.0,0.0
경기동부,20240331,0.0,0.0
